URL,Phishing attack,url_length,url_digits,url_is_ip,url_special_chars
https://www.yqmdsbajjo.com,0,26,0,0,5
https://www.mewqvnulwd.com,1,26,0,0,5
https://www.lzuhfdcqnd.com,0,26,0,0,5
https://www.fttdgnfupt.com,1,26,0,0,5
https://www.ncubzamveo.com,0,26,0,0,5
https://www.potwnqjqfy.com,1,26,0,0,5
https://www.txtgnnbxbm.com,1,26,0,0,5
https://www.chvivnrsit.com,1,26,0,0,5
https://www.xlsykvyisc.com,0,26,0,0,5
https://www.grcybfawjv.com,1,26,0,0,5
https://www.dcovzeoxzy.com,0,26,0,0,5
https://www.tetcnbkqia.com,0,26,0,0,5
https://www.nmetwyofgy.com,0,26,0,0,5
https://www.suubmplgjh.com,0,26,0,0,5
https://www.wjerxhdcmt.com,0,26,0,0,5
https://www.bgnsgvuxid.com,0,26,0,0,5
https://www.wyptrunzdv.com,0,26,0,0,5
https://www.qfxwpgszlp.com,0,26,0,0,5
https://www.polbyvsixs.com,1,26,0,0,5
https://www.ccdvixohso.com,0,26,0,0,5
https://www.byzymqgqyk.com,1,26,0,0,5
https://www.qfkvydmyyb.com,1,26,0,0,5
https://www.lduyropgzp.com,1,26,0,0,5
https://www.wumnlcnacv.com,0,26,0,0,5
https://www.ievazrxhyh.com,1,26,0,0,5
https://www.krrstahxek.com,1,26,0,0,5
https://www.nkmvbhpszh.com,0,26,0,0,5
https://www.xhhzoqgenh.com,0,26,0,0,5
https://www.zvfgjgowjq.com,0,26,0,0,5
https://www.fayvhhsjjs.com,0,26,0,0,5
https://www.gnrhttbiby.com,0,26,0,0,5
https://www.erazoblkib.com,0,26,0,0,5
https://www.gddnhslhvn.com,0,26,0,0,5
https://www.uboulpqqov.com,1,26,0,0,5
https://www.xeklpebdii.com,1,26,0,0,5
https://www.kgrllbbxyc.com,0,26,0,0,5
https://www.molkmogpin.com,1,26,0,0,5
https://www.niouarmlyf.com,1,26,0,0,5
https://www.avrubniyod.com,1,26,0,0,5
https://www.gpzopfbmsz.com,1,26,0,0,5
https://www.oteokiqzsd.com,1,26,0,0,5
https://www.wojyikqell.com,1,26,0,0,5
https://www.hcauokjrup.com,0,26,0,0,5
https://www.hsotdmckkp.com,1,26,0,0,5
https://www.ihsoeouibf.com,1,26,0,0,5
https://www.trqlzpojxm.com,1,26,0,0,5
https://www.zrwotyxsqv.com,1,26,0,0,5
https://www.scvdnulwhk.com,1,26,0,0,5
https://www.ddyvcqlhir.com,0,26,0,0,5
https://www.vkzpsocaow.com,0,26,0,0,5
https://www.ekitaficog.com,0,26,0,0,5
https://www.umgdqqhjiy.com,1,26,0,0,5
https://www.bcduikdbsc.com,1,26,0,0,5
https://www.jwlpldjhpy.com,1,26,0,0,5
https://www.oqsikxaqjc.com,1,26,0,0,5
https://www.zbilhcqgop.com,1,26,0,0,5
https://www.utmthcbryg.com,1,26,0,0,5
https://www.wojjaobeyg.com,0,26,0,0,5
https://www.rjxcnqxlns.com,0,26,0,0,5
https://www.rrfkddqbmn.com,0,26,0,0,5
https://www.tlxrmqgqfc.com,1,26,0,0,5
https://www.okjvmuxwfh.com,0,26,0,0,5
https://www.wakwvwklkp.com,1,26,0,0,5
https://www.xpegiknchh.com,1,26,0,0,5
https://www.ghrhtzbgkk.com,1,26,0,0,5
https://www.kkvxmujvgg.com,1,26,0,0,5
https://www.pnxoqtjvwi.com,1,26,0,0,5
https://www.hptwldzmzw.com,0,26,0,0,5
https://www.ttuksbptgw.com,1,26,0,0,5
https://www.ymxjcxmcqo.com,0,26,0,0,5
https://www.klpweirskz.com,1,26,0,0,5
https://www.eafvkelxlk.com,1,26,0,0,5
https://www.qhwuqjgzhq.com,0,26,0,0,5
https://www.ccwtrnzrtg.com,0,26,0,0,5
https://www.uzesmqknno.com,1,26,0,0,5
https://www.uptvczxfgb.com,0,26,0,0,5
https://www.yxtkwfdigq.com,0,26,0,0,5
https://www.syhrfstrmu.com,0,26,0,0,5
https://www.hkhdcqidvt.com,1,26,0,0,5
https://www.yywjblbrqs.com,1,26,0,0,5
https://www.cootvslscs.com,0,26,0,0,5
https://www.hahubjbkhx.com,0,26,0,0,5
https://www.uctlwrfhtn.com,1,26,0,0,5
https://www.ysplexmpij.com,1,26,0,0,5
https://www.tjhrpafqwz.com,0,26,0,0,5
https://www.chbjlyyrcb.com,0,26,0,0,5
https://www.bhhxfnzezi.com,1,26,0,0,5
https://www.szvxxlszjo.com,0,26,0,0,5
https://www.bnlwakbgen.com,1,26,0,0,5
https://www.tloyrkgoja.com,0,26,0,0,5
https://www.fljzpynknv.com,0,26,0,0,5
https://www.imzccclzbd.com,1,26,0,0,5
https://www.ucxddrkyhu.com,1,26,0,0,5
https://www.nbnceuomom.com,0,26,0,0,5
https://www.rcqdnqlsuy.com,1,26,0,0,5
https://www.perikolxik.com,0,26,0,0,5
https://www.seaefuzlth.com,1,26,0,0,5
https://www.lthpgpgcrg.com,0,26,0,0,5
https://www.akfjotejgo.com,1,26,0,0,5
https://www.ycgxxaouvs.com,1,26,0,0,5
https://www.qkzzvdfplx.com,1,26,0,0,5
https://www.vulkwfzmmu.com,1,26,0,0,5
https://www.ksszxguvul.com,1,26,0,0,5
https://www.bagpqwgjtm.com,1,26,0,0,5
https://www.vyrpfptbue.com,1,26,0,0,5
https://www.ujhzbvqpbk.com,1,26,0,0,5
https://www.keiosgpupc.com,0,26,0,0,5
https://www.iuaaxsfehh.com,1,26,0,0,5
https://www.iptkycxtyk.com,0,26,0,0,5
https://www.ydeaezgveh.com,1,26,0,0,5
https://www.ohamcgodmw.com,0,26,0,0,5
https://www.zdfartyfvp.com,0,26,0,0,5
https://www.firgitslxz.com,1,26,0,0,5
https://www.ebadwycvwq.com,1,26,0,0,5
https://www.iyibajiqux.com,0,26,0,0,5
https://www.qkvkmtsfkc.com,1,26,0,0,5
https://www.iqqnzgvcxv.com,1,26,0,0,5
https://www.uyqggdvnbq.com,0,26,0,0,5
https://www.qutnamtejs.com,0,26,0,0,5
https://www.bhkgxiyjys.com,0,26,0,0,5
https://www.xqfvcepydc.com,1,26,0,0,5
https://www.durronzcsv.com,1,26,0,0,5
https://www.xugujlptlk.com,0,26,0,0,5
https://www.pgxsqlmmsu.com,0,26,0,0,5
https://www.jgeoodmjvr.com,1,26,0,0,5
https://www.cridweayar.com,0,26,0,0,5
https://www.qnnipykyrz.com,1,26,0,0,5
https://www.dijdufoyvy.com,0,26,0,0,5
https://www.alezodgmdb.com,0,26,0,0,5
https://www.ybsvxplgbo.com,1,26,0,0,5
https://www.wrxokklske.com,1,26,0,0,5
https://www.flrwtvkcrb.com,1,26,0,0,5
https://www.jjrlwkhiit.com,1,26,0,0,5
https://www.owwwruoana.com,1,26,0,0,5
https://www.trhbytxsun.com,0,26,0,0,5
https://www.frpewbmoac.com,1,26,0,0,5
https://www.irnmbblyjj.com,1,26,0,0,5
https://www.jwitrlerfq.com,0,26,0,0,5
https://www.xnoyfhslnj.com,0,26,0,0,5
https://www.slgyfmcxcv.com,1,26,0,0,5
https://www.tmaddlexis.com,0,26,0,0,5
https://www.fciviyxlzk.com,1,26,0,0,5
https://www.kkvhkrckuw.com,0,26,0,0,5
https://www.offerkxsaq.com,0,26,0,0,5
https://www.vjalndgzqc.com,1,26,0,0,5
https://www.tbgsdiflht.com,0,26,0,0,5
https://www.ldmursoemw.com,1,26,0,0,5
https://www.xrnxgmixmv.com,1,26,0,0,5
https://www.qgskbzknlt.com,0,26,0,0,5
https://www.vrjkyrabcl.com,0,26,0,0,5
https://www.dhehkiewev.com,0,26,0,0,5
https://www.umfzvqermi.com,0,26,0,0,5
https://www.upofcobfgr.com,1,26,0,0,5
https://www.zmmzrkkyfn.com,0,26,0,0,5
https://www.hfupcdqdup.com,0,26,0,0,5
https://www.mgzuglgcgu.com,1,26,0,0,5
https://www.qobyemradz.com,1,26,0,0,5
https://www.tvkhsgjlmf.com,1,26,0,0,5
https://www.jydhbwtvky.com,1,26,0,0,5
https://www.ijxnntiucw.com,1,26,0,0,5
https://www.fltsrcrrgd.com,1,26,0,0,5
https://www.vqcrxklddp.com,1,26,0,0,5
https://www.rinueaflsr.com,0,26,0,0,5
https://www.ejjutufkrg.com,1,26,0,0,5
https://www.rcbnoeadky.com,0,26,0,0,5
https://www.wowqcifhyj.com,1,26,0,0,5
https://www.lwdbjkrwql.com,1,26,0,0,5
https://www.wlygbsfbvh.com,0,26,0,0,5
https://www.ormkpjnlyi.com,1,26,0,0,5
https://www.frjxrrdxgv.com,1,26,0,0,5
https://www.thvccehkpo.com,0,26,0,0,5
https://www.xoavseaizi.com,1,26,0,0,5
https://www.gxiqheizje.com,0,26,0,0,5
https://www.pabqmouwwe.com,1,26,0,0,5
https://www.ihhszkizxj.com,1,26,0,0,5
https://www.slzdabcasz.com,1,26,0,0,5
https://www.lohbxlgeme.com,1,26,0,0,5
https://www.lkicdsmxaj.com,0,26,0,0,5
https://www.qimyaraqtz.com,0,26,0,0,5
https://www.nhukwilmht.com,1,26,0,0,5
https://www.hsnakloczm.com,1,26,0,0,5
https://www.xeqvauqess.com,0,26,0,0,5
https://www.gjynjzkzdp.com,1,26,0,0,5
https://www.lngdwbincb.com,1,26,0,0,5
https://www.mkfwkfosou.com,0,26,0,0,5
https://www.asnlflkejk.com,1,26,0,0,5
https://www.yzxrwawpze.com,1,26,0,0,5
https://www.uralusnklb.com,0,26,0,0,5
https://www.yxnbuttbfe.com,0,26,0,0,5
https://www.gzpqecnhyl.com,1,26,0,0,5
https://www.wsveffppio.com,1,26,0,0,5
https://www.cpgelqwiyl.com,0,26,0,0,5
https://www.omqwkgukls.com,1,26,0,0,5
https://www.krlczzgwlm.com,1,26,0,0,5
https://www.mjfunpkmod.com,0,26,0,0,5
https://www.eghmswtgqh.com,1,26,0,0,5
https://www.wwiuahvqkk.com,0,26,0,0,5
https://www.nxsvmgoywu.com,1,26,0,0,5
https://www.ssvhppgpds.com,0,26,0,0,5
https://www.mbjswymuvw.com,0,26,0,0,5
https://www.ztobxaepcx.com,0,26,0,0,5
https://www.zukjcfhfiv.com,1,26,0,0,5
https://www.wayetsifyi.com,0,26,0,0,5
https://www.occfsovxnr.com,1,26,0,0,5
https://www.yygxlevpua.com,1,26,0,0,5
https://www.jhiazgqdef.com,0,26,0,0,5
https://www.uvnqgrctrh.com,0,26,0,0,5
https://www.dqtaaevlwf.com,1,26,0,0,5
https://www.jvbkedkxkc.com,1,26,0,0,5
https://www.psitclvtvr.com,0,26,0,0,5
https://www.hlxoagfifz.com,0,26,0,0,5
https://www.hhlcvdgxzk.com,1,26,0,0,5
https://www.jahnissquz.com,1,26,0,0,5
https://www.vmngtevady.com,1,26,0,0,5
https://www.gjjlbcbwwy.com,0,26,0,0,5
https://www.blhzdwumgu.com,1,26,0,0,5
https://www.ghisxilhqt.com,1,26,0,0,5
https://www.xvbkjegodz.com,0,26,0,0,5
https://www.aiitcfbjhl.com,1,26,0,0,5
https://www.auumiuammv.com,1,26,0,0,5
https://www.jrbboippds.com,1,26,0,0,5
https://www.hdwlhbyrqr.com,0,26,0,0,5
https://www.qepjpqrkcm.com,1,26,0,0,5
https://www.pykzzvqkzu.com,0,26,0,0,5
https://www.bkvsrcnoap.com,1,26,0,0,5
https://www.fzvttxszwd.com,0,26,0,0,5
https://www.sipuojjize.com,1,26,0,0,5
https://www.gruuisnkdy.com,1,26,0,0,5
https://www.mweesotovk.com,0,26,0,0,5
https://www.ceixvkmxww.com,0,26,0,0,5
https://www.mstxrtgjrg.com,1,26,0,0,5
https://www.iyuqmxhgrm.com,0,26,0,0,5
https://www.gfzfdjhuzr.com,1,26,0,0,5
https://www.eytqgfilmc.com,0,26,0,0,5
https://www.gvmszhyphu.com,1,26,0,0,5
https://www.rvotkswneb.com,1,26,0,0,5
https://www.fprnduilbf.com,1,26,0,0,5
https://www.jksdirzlce.com,1,26,0,0,5
https://www.jwksfgttpd.com,1,26,0,0,5
https://www.xubnzzhctb.com,0,26,0,0,5
https://www.nnoeqayduj.com,1,26,0,0,5
https://www.rrxwhqssde.com,1,26,0,0,5
https://www.zkrbstzdgj.com,0,26,0,0,5
https://www.tezfgbmpvq.com,1,26,0,0,5
https://www.knglctrgqw.com,0,26,0,0,5
https://www.rzfxxsespy.com,1,26,0,0,5
https://www.syasktyhaa.com,1,26,0,0,5
https://www.xdlauipnne.com,1,26,0,0,5
https://www.ejsdbvrccx.com,1,26,0,0,5
https://www.pfjunxpcts.com,1,26,0,0,5
https://www.vwhgtsgzql.com,1,26,0,0,5
https://www.kzmihqdenm.com,1,26,0,0,5
https://www.vrrdcebzkf.com,0,26,0,0,5
https://www.vnhjlmeucn.com,1,26,0,0,5
https://www.nhlooiltmx.com,1,26,0,0,5
https://www.tlysuavgbw.com,1,26,0,0,5
https://www.qcztxpoywz.com,1,26,0,0,5
https://www.pbtcjxfamw.com,1,26,0,0,5
https://www.jssnasosrp.com,1,26,0,0,5
https://www.hdevzjpgtg.com,1,26,0,0,5
https://www.bfyquolcuo.com,0,26,0,0,5
https://www.bxhkneazlq.com,0,26,0,0,5
https://www.qroulvnuqm.com,1,26,0,0,5
https://www.wmzmaunfss.com,0,26,0,0,5
https://www.dkxreguymq.com,1,26,0,0,5
https://www.zeczmtpaqv.com,1,26,0,0,5
https://www.myfganxyus.com,1,26,0,0,5
https://www.kxayahnrea.com,0,26,0,0,5
https://www.kdeiwushxw.com,1,26,0,0,5
https://www.sqegsbcepr.com,0,26,0,0,5
https://www.lsnebwazao.com,1,26,0,0,5
https://www.lvbecipirp.com,0,26,0,0,5
https://www.zkhahgtppa.com,1,26,0,0,5
https://www.aqvpangmmt.com,1,26,0,0,5
https://www.casyvextyb.com,1,26,0,0,5
https://www.ivexnfiqud.com,1,26,0,0,5
https://www.jcrpqosssa.com,0,26,0,0,5
https://www.pmicbgzwbx.com,1,26,0,0,5
https://www.cynyxzcyoh.com,0,26,0,0,5
https://www.talcotjugm.com,1,26,0,0,5
https://www.fdigkelcat.com,1,26,0,0,5
https://www.oqmjhroneg.com,0,26,0,0,5
https://www.ixqjbbdrhh.com,1,26,0,0,5
https://www.mxygmgjrou.com,0,26,0,0,5
https://www.xkqhxlnelz.com,1,26,0,0,5
https://www.zbxkgwkplw.com,1,26,0,0,5
https://www.mhzfcqoble.com,0,26,0,0,5
https://www.ectlxydhxe.com,1,26,0,0,5
https://www.wbjuiwlkrc.com,1,26,0,0,5
https://www.nmmgfbqmqu.com,1,26,0,0,5
https://www.yoakmmrwyj.com,0,26,0,0,5
https://www.xrtrkiqflp.com,1,26,0,0,5
https://www.gldziolugs.com,0,26,0,0,5
https://www.eixmgwibqz.com,1,26,0,0,5
https://www.bpxdnnpzmr.com,0,26,0,0,5
https://www.pigxjkhhhe.com,0,26,0,0,5
https://www.xnfvozuokb.com,1,26,0,0,5
https://www.forqjmrach.com,1,26,0,0,5
https://www.tgyjbskanu.com,1,26,0,0,5
https://www.feiziluphb.com,0,26,0,0,5
https://www.zykqnwfnhh.com,1,26,0,0,5
https://www.durljyeslq.com,1,26,0,0,5
https://www.udnhfunoke.com,1,26,0,0,5
https://www.hicqshhqda.com,1,26,0,0,5
https://www.afbjkmytbc.com,0,26,0,0,5
https://www.vckeppkuzs.com,0,26,0,0,5
https://www.jeurksepvd.com,0,26,0,0,5
https://www.kauuasdqwd.com,1,26,0,0,5
https://www.varvyppqmf.com,0,26,0,0,5
https://www.ybisxbrpeu.com,1,26,0,0,5
https://www.ljpyftkjfx.com,0,26,0,0,5
https://www.egbjlcginr.com,1,26,0,0,5
https://www.klvpikcvct.com,1,26,0,0,5
https://www.gqbruiebpy.com,0,26,0,0,5
https://www.ndwqokgxkk.com,1,26,0,0,5
https://www.bjxmgtxdyf.com,1,26,0,0,5
https://www.kqmudykllx.com,1,26,0,0,5
https://www.fyoidpdtpr.com,0,26,0,0,5
https://www.nxkdybxllb.com,1,26,0,0,5
https://www.xllpqgjdlb.com,1,26,0,0,5
https://www.rxnbcjhtci.com,1,26,0,0,5
https://www.winxyjjvgi.com,1,26,0,0,5
https://www.gbpzapgcfk.com,1,26,0,0,5
https://www.cocsxpsahi.com,1,26,0,0,5
https://www.slvghcefxh.com,1,26,0,0,5
https://www.daqjphxdhm.com,1,26,0,0,5
https://www.vdvbafkfqw.com,1,26,0,0,5
https://www.alopmslpsa.com,1,26,0,0,5
https://www.ykuciquczb.com,1,26,0,0,5
https://www.eszdysszsf.com,0,26,0,0,5
https://www.yplvgqdjjf.com,0,26,0,0,5
https://www.yrndrygygq.com,1,26,0,0,5
https://www.mbrckzxqze.com,1,26,0,0,5
https://www.vldquazkvf.com,1,26,0,0,5
https://www.fqdjxhjrkb.com,0,26,0,0,5
https://www.ttbjldvxyj.com,0,26,0,0,5
https://www.gubicizkaz.com,1,26,0,0,5
https://www.coxpufyytb.com,1,26,0,0,5
https://www.hgengbebak.com,1,26,0,0,5
https://www.gtqtmwxgmz.com,0,26,0,0,5
https://www.ucsjesanqc.com,0,26,0,0,5
https://www.ykcjqtazcv.com,0,26,0,0,5
https://www.zclfsubskw.com,0,26,0,0,5
https://www.mgbaolflej.com,0,26,0,0,5
https://www.ygbzkyhhuy.com,0,26,0,0,5
https://www.fapkucrojo.com,0,26,0,0,5
https://www.inzqjjzzvb.com,0,26,0,0,5
https://www.ifawnptvtm.com,1,26,0,0,5
https://www.wvtqlolhfg.com,1,26,0,0,5
https://www.ggqpuxkwvq.com,1,26,0,0,5
https://www.xjcfemqylg.com,0,26,0,0,5
https://www.mmynjasxbm.com,1,26,0,0,5
https://www.hqjgjmokgw.com,1,26,0,0,5
https://www.gyidhxpzpr.com,0,26,0,0,5
https://www.bfmspshprj.com,1,26,0,0,5
https://www.asqxjujzxv.com,0,26,0,0,5
https://www.qszktuuobx.com,1,26,0,0,5
https://www.vfafsmjdqz.com,0,26,0,0,5
https://www.xeiapknoka.com,0,26,0,0,5
https://www.mxrvnxoggp.com,1,26,0,0,5
https://www.jcpcgunefv.com,1,26,0,0,5
https://www.pjzgirfbsn.com,1,26,0,0,5
https://www.xqkhxbongu.com,1,26,0,0,5
https://www.oanjudokdo.com,0,26,0,0,5
https://www.lmhvnabipu.com,1,26,0,0,5
https://www.bjugxtvruy.com,1,26,0,0,5
https://www.zsbhsefijj.com,1,26,0,0,5
https://www.ttnijtvlkc.com,1,26,0,0,5
https://www.xbrnespeoe.com,1,26,0,0,5
https://www.pxzmxhofkj.com,1,26,0,0,5
https://www.coqacsdqjw.com,1,26,0,0,5
https://www.jjfdtggyvx.com,1,26,0,0,5
https://www.phzefmbdnb.com,1,26,0,0,5
https://www.qsehymrdcz.com,0,26,0,0,5
https://www.uehytfvhhm.com,1,26,0,0,5
https://www.lekrlhasmf.com,0,26,0,0,5
https://www.zktccmvgix.com,0,26,0,0,5
https://www.eazejomvsv.com,1,26,0,0,5
https://www.xgblxnupaa.com,1,26,0,0,5
https://www.gatcesknvd.com,0,26,0,0,5
https://www.mvqphvomrc.com,1,26,0,0,5
https://www.pfhknhjqut.com,1,26,0,0,5
https://www.upgjzbtjvw.com,0,26,0,0,5
https://www.tpzgbdxnbq.com,0,26,0,0,5
https://www.atynnenrqp.com,0,26,0,0,5
https://www.kqeoycpxsf.com,1,26,0,0,5
https://www.aipombslhv.com,1,26,0,0,5
https://www.snjgkkjdva.com,1,26,0,0,5
https://www.vwtnwnrznc.com,1,26,0,0,5
https://www.gntsouqjnr.com,1,26,0,0,5
https://www.bvsjaehlur.com,1,26,0,0,5
https://www.erihnmxvxv.com,1,26,0,0,5
https://www.spimwfvifw.com,1,26,0,0,5
https://www.bptokogvuu.com,1,26,0,0,5
https://www.zrzneqozyw.com,1,26,0,0,5
https://www.kacxhcjoua.com,1,26,0,0,5
https://www.igrflfmlpq.com,0,26,0,0,5
https://www.ctczmoitxi.com,1,26,0,0,5
https://www.ivgewlhtos.com,0,26,0,0,5
https://www.nurjltldfe.com,1,26,0,0,5
https://www.xloguehqyh.com,1,26,0,0,5
https://www.cbcbacqadt.com,1,26,0,0,5
https://www.hlkckurlwv.com,1,26,0,0,5
https://www.ykubyanlzc.com,1,26,0,0,5
https://www.uiaoprkfcf.com,1,26,0,0,5
https://www.hruqyjorsr.com,0,26,0,0,5
https://www.jmgjeesqpm.com,1,26,0,0,5
https://www.wcghcotgjm.com,1,26,0,0,5
https://www.pdnhentdwp.com,1,26,0,0,5
https://www.afarkerehp.com,0,26,0,0,5
https://www.rumtahsece.com,1,26,0,0,5
https://www.jelxnjodwj.com,0,26,0,0,5
https://www.mumiojbtly.com,0,26,0,0,5
https://www.txzqasjqxn.com,1,26,0,0,5
https://www.dnclbvpewo.com,1,26,0,0,5
https://www.uuwwyhiyem.com,1,26,0,0,5
https://www.ysoknkrfom.com,0,26,0,0,5
https://www.jgpaqurfko.com,0,26,0,0,5
https://www.snxgojockn.com,1,26,0,0,5
https://www.ajbmkiipgs.com,0,26,0,0,5
https://www.vemmjxvywu.com,1,26,0,0,5
https://www.cwstawjsll.com,0,26,0,0,5
https://www.iwujefroan.com,1,26,0,0,5
https://www.ghymoyytre.com,0,26,0,0,5
https://www.fmunyawiqp.com,0,26,0,0,5
https://www.zrfepgvclx.com,1,26,0,0,5
https://www.cnunmldumw.com,1,26,0,0,5
https://www.hczqednvnq.com,1,26,0,0,5
https://www.ocukstcgwz.com,0,26,0,0,5
https://www.tuquodsfrl.com,0,26,0,0,5
https://www.nfadwypnfj.com,1,26,0,0,5
https://www.yaofzanoat.com,0,26,0,0,5
https://www.wtdxyjpuew.com,1,26,0,0,5
https://www.ghhcdwjxtz.com,0,26,0,0,5
https://www.gwfatkpval.com,0,26,0,0,5
https://www.mratwajoee.com,1,26,0,0,5
https://www.fhgqaghitl.com,0,26,0,0,5
https://www.chpyzqdlnq.com,1,26,0,0,5
https://www.sjdynluumi.com,0,26,0,0,5
https://www.vcsoczroue.com,1,26,0,0,5
https://www.dcsmlncjdm.com,1,26,0,0,5
https://www.vsolsnfavz.com,0,26,0,0,5
https://www.raqjkuixni.com,0,26,0,0,5
https://www.jmlmmmdubo.com,1,26,0,0,5
https://www.vccxqbxrct.com,1,26,0,0,5
https://www.xcmxwzjzxo.com,1,26,0,0,5
https://www.mrrmzctmjp.com,1,26,0,0,5
https://www.ozbcrgiyqk.com,1,26,0,0,5
https://www.lorxpityya.com,1,26,0,0,5
https://www.fwfdhoywjl.com,0,26,0,0,5
https://www.bqqgqxmgek.com,1,26,0,0,5
https://www.puafssolaj.com,1,26,0,0,5
https://www.whgmfljxrt.com,1,26,0,0,5
https://www.wubavdwaor.com,1,26,0,0,5
https://www.bszyubrekz.com,1,26,0,0,5
https://www.ddekpznxpd.com,1,26,0,0,5
https://www.njcfcchywc.com,0,26,0,0,5
https://www.oryvgbrlua.com,0,26,0,0,5
https://www.miympplklm.com,0,26,0,0,5
https://www.bxgnhkspxc.com,1,26,0,0,5
https://www.dszclfbpil.com,1,26,0,0,5
https://www.xcnwrxnsti.com,1,26,0,0,5
https://www.ywfqurvxyk.com,0,26,0,0,5
https://www.rhegjkacms.com,1,26,0,0,5
https://www.slmfhigrxu.com,1,26,0,0,5
https://www.wgonmqpnwv.com,1,26,0,0,5
https://www.dixxkzvidx.com,1,26,0,0,5
https://www.civxmlnayp.com,0,26,0,0,5
https://www.bjnksqbmvu.com,1,26,0,0,5
https://www.xsonwbltak.com,0,26,0,0,5
https://www.buczwdtunk.com,1,26,0,0,5
https://www.akziexqcpy.com,0,26,0,0,5
https://www.ktmaajnnce.com,1,26,0,0,5
https://www.cdpqeugrxf.com,1,26,0,0,5
https://www.qovtxmlpcu.com,0,26,0,0,5
https://www.jlevmqnruc.com,1,26,0,0,5
https://www.obgwwaavfy.com,0,26,0,0,5
https://www.ohxwsubcha.com,0,26,0,0,5
https://www.fbgkykabvk.com,0,26,0,0,5
https://www.omordywuwx.com,1,26,0,0,5
https://www.sbkbkqeekj.com,1,26,0,0,5
https://www.xkqxkpshob.com,1,26,0,0,5
https://www.fjkooiugrc.com,1,26,0,0,5
https://www.xtzbmodhiy.com,1,26,0,0,5
https://www.foqvxgmsjf.com,1,26,0,0,5
https://www.jeaizgihun.com,1,26,0,0,5
https://www.xvgmfvmsqk.com,0,26,0,0,5
https://www.pnjwxvqdcl.com,1,26,0,0,5
https://www.nkcijzqtpr.com,0,26,0,0,5
https://www.huyovbaxoq.com,1,26,0,0,5
https://www.oeuvyjwjxt.com,0,26,0,0,5
https://www.nydtyjladb.com,1,26,0,0,5
https://www.urfwuvkymr.com,0,26,0,0,5
https://www.yiopohctus.com,1,26,0,0,5
https://www.ioprepskoe.com,1,26,0,0,5
https://www.sanhjostpe.com,1,26,0,0,5
https://www.hkehtoobnz.com,1,26,0,0,5
https://www.ihmgkxdhst.com,1,26,0,0,5
https://www.xisnzdkhil.com,0,26,0,0,5
https://www.bubbniifhd.com,0,26,0,0,5
https://www.ndupolwcgn.com,0,26,0,0,5
https://www.qaojwelzqs.com,1,26,0,0,5
https://www.yebdzuyevn.com,1,26,0,0,5
https://www.dwvkfnvlbq.com,1,26,0,0,5
https://www.mfqyteixko.com,0,26,0,0,5
https://www.shqrvjcqxd.com,0,26,0,0,5
https://www.ljxapjilcb.com,0,26,0,0,5
https://www.xlpcmetqvj.com,0,26,0,0,5
https://www.suhrlmxuvl.com,0,26,0,0,5
https://www.hdmbqfuyua.com,1,26,0,0,5
https://www.hxgbdbjkfl.com,1,26,0,0,5
https://www.nwzxhcjvvr.com,1,26,0,0,5
https://www.uidyqfnecm.com,0,26,0,0,5
https://www.imchvctdfu.com,0,26,0,0,5
https://www.whvblapdql.com,1,26,0,0,5
https://www.vlftxwkqoh.com,0,26,0,0,5
https://www.apjevdejwu.com,1,26,0,0,5
https://www.hgxotxodpk.com,0,26,0,0,5
https://www.nyztasprpn.com,1,26,0,0,5
https://www.kncaapdvll.com,1,26,0,0,5
https://www.hmazyrntep.com,0,26,0,0,5
https://www.qzlbwdyhes.com,1,26,0,0,5
https://www.qdabzntatf.com,1,26,0,0,5
https://www.tkxustpdst.com,1,26,0,0,5
https://www.soydwgagsh.com,1,26,0,0,5
https://www.zddqxusqwd.com,1,26,0,0,5
https://www.mpxaryodzk.com,1,26,0,0,5
https://www.luushnkyen.com,1,26,0,0,5
https://www.sqfjigfuha.com,1,26,0,0,5
https://www.yrddrxeyut.com,0,26,0,0,5
https://www.klpxwlbbns.com,0,26,0,0,5
https://www.myfevoogsf.com,1,26,0,0,5
https://www.chnusxrccb.com,1,26,0,0,5
https://www.tptkckhagl.com,1,26,0,0,5
https://www.efbccluzmx.com,0,26,0,0,5
https://www.auxwdmseoe.com,1,26,0,0,5
https://www.iznpctavza.com,1,26,0,0,5
https://www.qdthxzkzxy.com,0,26,0,0,5
https://www.ojahzhzlbk.com,1,26,0,0,5
https://www.dxbbftbhgs.com,0,26,0,0,5
https://www.hgjjidnxmc.com,1,26,0,0,5
https://www.xapnryzays.com,1,26,0,0,5
https://www.ggtnzlckec.com,1,26,0,0,5
https://www.xfpfootpwq.com,1,26,0,0,5
https://www.heepfpznzc.com,0,26,0,0,5
https://www.ewitjnmjwj.com,0,26,0,0,5
https://www.hwpqpfkbrs.com,0,26,0,0,5
https://www.fzpzqqcsss.com,0,26,0,0,5
https://www.axbnjmgzur.com,1,26,0,0,5
https://www.qbokqssgrw.com,1,26,0,0,5
https://www.oahiespeou.com,0,26,0,0,5
https://www.kuhrndwzim.com,1,26,0,0,5
https://www.ehyryopdyb.com,1,26,0,0,5
https://www.inoaxklpqz.com,1,26,0,0,5
https://www.cihitwyvyd.com,0,26,0,0,5
https://www.mpsbjogkfy.com,0,26,0,0,5
https://www.sgwgpakyuc.com,1,26,0,0,5
https://www.sshpqbsugb.com,0,26,0,0,5
https://www.vhzonkkqrs.com,0,26,0,0,5
https://www.vhjhneqbgm.com,1,26,0,0,5
https://www.lcoaujsnmd.com,1,26,0,0,5
https://www.duedfkorik.com,0,26,0,0,5
https://www.hpaqvsroal.com,0,26,0,0,5
https://www.iacmqwqtbz.com,1,26,0,0,5
https://www.hrlzjccojg.com,1,26,0,0,5
https://www.noogyemioy.com,0,26,0,0,5
https://www.itryetzuag.com,1,26,0,0,5
https://www.bdygcgioqo.com,0,26,0,0,5
https://www.bnxcgegonx.com,0,26,0,0,5
https://www.ummeqgzeat.com,0,26,0,0,5
https://www.wfxcjtqdou.com,1,26,0,0,5
https://www.edavbkxwmc.com,1,26,0,0,5
https://www.vsnijbsqjd.com,0,26,0,0,5
https://www.ujzbmcmdli.com,1,26,0,0,5
https://www.vnionbspfh.com,1,26,0,0,5
https://www.kuyzwejbkq.com,0,26,0,0,5
https://www.buqnemqrno.com,0,26,0,0,5
https://www.acknwbwbsj.com,1,26,0,0,5
https://www.nxkjmvawqa.com,1,26,0,0,5
https://www.yvetjcyfmy.com,1,26,0,0,5
https://www.fxtvjxcukl.com,1,26,0,0,5
https://www.xjxoqwukgk.com,1,26,0,0,5
https://www.uikpeamnvs.com,0,26,0,0,5
https://www.ajuxfmpswn.com,1,26,0,0,5
https://www.jbkcfoxrzh.com,1,26,0,0,5
https://www.gfeyzymfsv.com,0,26,0,0,5
https://www.qjxcvdbytn.com,1,26,0,0,5
https://www.dmzqpprccl.com,1,26,0,0,5
https://www.qeqpkqrrck.com,0,26,0,0,5
https://www.ryphtdogxr.com,1,26,0,0,5
https://www.qhjdquvrvc.com,1,26,0,0,5
https://www.ccsuyqunne.com,1,26,0,0,5
https://www.ajdrksstmz.com,0,26,0,0,5
https://www.lybbpdorop.com,0,26,0,0,5
https://www.yuqjxspqrf.com,1,26,0,0,5
https://www.zkpeocscug.com,0,26,0,0,5
https://www.acbrwzpwxs.com,1,26,0,0,5
https://www.wcegnrdotk.com,1,26,0,0,5
https://www.psltjfghdj.com,1,26,0,0,5
https://www.avjzfnvdzl.com,1,26,0,0,5
https://www.whzglwwjie.com,1,26,0,0,5
https://www.hqyxhywrrl.com,1,26,0,0,5
https://www.kceqiwajek.com,0,26,0,0,5
https://www.ppbznmucpg.com,0,26,0,0,5
https://www.hhtwotjxrv.com,0,26,0,0,5
https://www.fwdqrzhiyf.com,0,26,0,0,5
https://www.tzjpzrollk.com,1,26,0,0,5
https://www.vsivhespka.com,1,26,0,0,5
https://www.aqctarumys.com,0,26,0,0,5
https://www.iocfbolmqz.com,1,26,0,0,5
https://www.cbouqmxrip.com,0,26,0,0,5
https://www.lrgfjuxyku.com,1,26,0,0,5
https://www.ppdgiyhnvq.com,1,26,0,0,5
https://www.ruavyfjcpw.com,1,26,0,0,5
https://www.uclfsmdjsr.com,0,26,0,0,5
https://www.oimdjcufvz.com,0,26,0,0,5
https://www.duizsuvenr.com,1,26,0,0,5
https://www.dzszhkzrst.com,1,26,0,0,5
https://www.xpfjajcqnd.com,1,26,0,0,5
https://www.tajpsoahrb.com,1,26,0,0,5
https://www.wmyozzfylg.com,0,26,0,0,5
https://www.ddqizpqrxv.com,0,26,0,0,5
https://www.zmtljlrgeq.com,0,26,0,0,5
https://www.zamskkgxov.com,1,26,0,0,5
https://www.vhzbxdksph.com,1,26,0,0,5
https://www.bdwpfulmhh.com,0,26,0,0,5
https://www.kocnzkhfoj.com,0,26,0,0,5
https://www.nskcyncjxx.com,0,26,0,0,5
https://www.lgsgbjyhsc.com,0,26,0,0,5
https://www.opqsrpgvqq.com,1,26,0,0,5
https://www.boddcqnffe.com,1,26,0,0,5
https://www.xrkqdbpjtl.com,1,26,0,0,5
https://www.qzowalswie.com,1,26,0,0,5
https://www.rcotrgzojy.com,1,26,0,0,5
https://www.sxrwnbhldx.com,0,26,0,0,5
https://www.mvscvvzbdr.com,1,26,0,0,5
https://www.kwcvgyxxdd.com,1,26,0,0,5
https://www.jnbwabwepy.com,0,26,0,0,5
https://www.zmebxxduth.com,1,26,0,0,5
https://www.kdgfwaagrj.com,1,26,0,0,5
https://www.zdwdmggbhb.com,0,26,0,0,5
https://www.ubkhewzyng.com,1,26,0,0,5
https://www.wmltfxrcyj.com,1,26,0,0,5
https://www.bmpvfvljrq.com,1,26,0,0,5
https://www.oewmprzyks.com,1,26,0,0,5
https://www.mbtazjedpa.com,0,26,0,0,5
https://www.wpkarwmcuu.com,1,26,0,0,5
https://www.xoojwwjqdi.com,1,26,0,0,5
https://www.tpokgzcfrk.com,1,26,0,0,5
https://www.cwjehokpfs.com,0,26,0,0,5
https://www.ulamorxtvz.com,1,26,0,0,5
https://www.kdgdmhzxql.com,1,26,0,0,5
https://www.hkxaxcdbiu.com,0,26,0,0,5
https://www.icnoqukbez.com,0,26,0,0,5
https://www.xlfnqtyvvu.com,1,26,0,0,5
https://www.gskubrdexd.com,1,26,0,0,5
https://www.ucnttninbk.com,0,26,0,0,5
https://www.imkfxiilrh.com,1,26,0,0,5
https://www.mnrzowztba.com,1,26,0,0,5
https://www.dfjgakkyif.com,0,26,0,0,5
https://www.eafgowtwuf.com,1,26,0,0,5
https://www.jermdqkozt.com,1,26,0,0,5
https://www.xgjxnfgjli.com,0,26,0,0,5
https://www.kigosjtnwt.com,1,26,0,0,5
https://www.izgpmipgaz.com,0,26,0,0,5
https://www.wdtqmwheqm.com,1,26,0,0,5
https://www.xllkillhgi.com,1,26,0,0,5
https://www.vlqlvgmjxp.com,1,26,0,0,5
https://www.yjazciprwb.com,1,26,0,0,5
https://www.jdjpxwjsxz.com,0,26,0,0,5
https://www.hheabzgcgn.com,1,26,0,0,5
https://www.ikepagxyuy.com,1,26,0,0,5
https://www.hgqfzibqwq.com,1,26,0,0,5
https://www.lslcimeefe.com,1,26,0,0,5
https://www.cuuelcduxb.com,0,26,0,0,5
https://www.aruvveqqei.com,1,26,0,0,5
https://www.dmzyamchff.com,1,26,0,0,5
https://www.fuewjxuoyt.com,1,26,0,0,5
https://www.eigrjlvask.com,1,26,0,0,5
https://www.ztgwjtefle.com,0,26,0,0,5
https://www.ohoinrxiyk.com,0,26,0,0,5
https://www.ukymrajxxf.com,1,26,0,0,5
https://www.yerrdohqui.com,1,26,0,0,5
https://www.enkmetioep.com,1,26,0,0,5
https://www.gicskrbzfg.com,0,26,0,0,5
https://www.xwbknyflab.com,1,26,0,0,5
https://www.qlypadskts.com,1,26,0,0,5
https://www.kljinlqoat.com,1,26,0,0,5
https://www.tbylfygmuq.com,0,26,0,0,5
https://www.vqbsjqydqx.com,0,26,0,0,5
https://www.wozacdldko.com,1,26,0,0,5
https://www.ocpwmtawzy.com,1,26,0,0,5
https://www.tnfcmtwjdn.com,1,26,0,0,5
https://www.joodllwtvy.com,1,26,0,0,5
https://www.facgquaooj.com,1,26,0,0,5
https://www.asnqkikxmx.com,1,26,0,0,5
https://www.ijfytgadif.com,0,26,0,0,5
https://www.raqjxfkqeg.com,0,26,0,0,5
https://www.vemvmevvaj.com,1,26,0,0,5
https://www.uwodexsxod.com,1,26,0,0,5
https://www.hbgvflnfnr.com,0,26,0,0,5
https://www.zxxzxgxaes.com,1,26,0,0,5
https://www.tflrnsjjxn.com,0,26,0,0,5
https://www.wxhbucxhqc.com,1,26,0,0,5
https://www.caueiswzlg.com,1,26,0,0,5
https://www.pnlcwdgkmk.com,1,26,0,0,5
https://www.lunasomehw.com,1,26,0,0,5
https://www.amevpynhoz.com,1,26,0,0,5
https://www.srryrdaroy.com,1,26,0,0,5
https://www.raqbvqafau.com,1,26,0,0,5
https://www.xrrcshsvuc.com,0,26,0,0,5
https://www.hlicgbsjug.com,0,26,0,0,5
https://www.viqjenkzxa.com,1,26,0,0,5
https://www.ilhmvqsawz.com,1,26,0,0,5
https://www.kdzwodwswe.com,1,26,0,0,5
https://www.kmdhpgyvjy.com,1,26,0,0,5
https://www.pobczcvbia.com,0,26,0,0,5
https://www.bnwwreddeg.com,1,26,0,0,5
https://www.ramdhzohdm.com,1,26,0,0,5
https://www.pcjdrkhyrx.com,0,26,0,0,5
https://www.dnhgaynsul.com,1,26,0,0,5
https://www.likawzzegn.com,0,26,0,0,5
https://www.bsarieusbl.com,1,26,0,0,5
https://www.zbptshrtkd.com,1,26,0,0,5
https://www.xjnrylrftf.com,1,26,0,0,5
https://www.tfezozkvyk.com,1,26,0,0,5
https://www.diixhwvdiw.com,1,26,0,0,5
https://www.glyqrkwkee.com,0,26,0,0,5
https://www.afpozjffxs.com,0,26,0,0,5
https://www.lehnybymvt.com,1,26,0,0,5
https://www.fbbdrildvm.com,1,26,0,0,5
https://www.cisgppjqgx.com,1,26,0,0,5
https://www.tllfmfasjs.com,0,26,0,0,5
https://www.mmwkqjuqyn.com,1,26,0,0,5
https://www.huiqzkcrjw.com,1,26,0,0,5
https://www.onnrevjbmt.com,1,26,0,0,5
https://www.nwxlsajgkb.com,0,26,0,0,5
https://www.qpuagmtbrz.com,1,26,0,0,5
https://www.fycdsvyrqu.com,0,26,0,0,5
https://www.efodqkqbtt.com,0,26,0,0,5
https://www.jlfnzsvvqq.com,1,26,0,0,5
https://www.bokicpabhn.com,1,26,0,0,5
https://www.cudnjifyye.com,0,26,0,0,5
https://www.mpjjrixwdy.com,1,26,0,0,5
https://www.uiujzcllpv.com,1,26,0,0,5
https://www.ycdpmsdqgh.com,1,26,0,0,5
https://www.lesvgywqwt.com,0,26,0,0,5
https://www.cgdtyuxdss.com,1,26,0,0,5
https://www.zfrbdiobtr.com,1,26,0,0,5
https://www.arjdttozrw.com,0,26,0,0,5
https://www.tzmlecwggi.com,0,26,0,0,5
https://www.xeulpomvgh.com,1,26,0,0,5
https://www.jecdblddwm.com,1,26,0,0,5
https://www.hodztapcpy.com,1,26,0,0,5
https://www.qrxzcfoklx.com,0,26,0,0,5
https://www.dqgepcqzap.com,1,26,0,0,5
https://www.xsjamekxgl.com,1,26,0,0,5
https://www.gjqwpdmlsk.com,0,26,0,0,5
https://www.itugwzeaho.com,1,26,0,0,5
https://www.ccryjsdvba.com,0,26,0,0,5
https://www.afammlvjux.com,1,26,0,0,5
https://www.quguatrhvo.com,1,26,0,0,5
https://www.sevpslygzc.com,1,26,0,0,5
https://www.amglecvima.com,0,26,0,0,5
https://www.ksuhwixjkt.com,1,26,0,0,5
https://www.hkmvcayymj.com,1,26,0,0,5
https://www.uemxnxkqfb.com,0,26,0,0,5
https://www.dptvouctiy.com,0,26,0,0,5
https://www.qvddndnwmr.com,1,26,0,0,5
https://www.niehkgjzih.com,1,26,0,0,5
https://www.zazogtewyc.com,0,26,0,0,5
https://www.ertdcimgbh.com,0,26,0,0,5
https://www.vucgyydcia.com,0,26,0,0,5
https://www.jqeswoogjy.com,1,26,0,0,5
https://www.rjimpntthe.com,1,26,0,0,5
https://www.wadfzcfxem.com,1,26,0,0,5
https://www.nxepwubjee.com,1,26,0,0,5
https://www.vkpxwsqkmb.com,1,26,0,0,5
https://www.bpfugkppfy.com,0,26,0,0,5
https://www.pesnkyeitu.com,1,26,0,0,5
https://www.ixjyvccbgb.com,1,26,0,0,5
https://www.czmeytmmms.com,1,26,0,0,5
https://www.rttzjgdhtj.com,1,26,0,0,5
https://www.uhfdlkdrct.com,1,26,0,0,5
https://www.ucksxykkiy.com,1,26,0,0,5
https://www.nrsmwqpfcj.com,1,26,0,0,5
https://www.xvvhoqgdmf.com,1,26,0,0,5
https://www.zhigvipovv.com,1,26,0,0,5
https://www.ulvaneygbd.com,0,26,0,0,5
https://www.nwjzntupuv.com,1,26,0,0,5
https://www.gygcipjphi.com,1,26,0,0,5
https://www.zylflqzhjl.com,1,26,0,0,5
https://www.vrwxwlzjve.com,0,26,0,0,5
https://www.aiwncrisdh.com,1,26,0,0,5
https://www.pceeajhsyv.com,1,26,0,0,5
https://www.rateypdhtq.com,1,26,0,0,5
https://www.aokznhbikv.com,1,26,0,0,5
https://www.odclmkyfru.com,0,26,0,0,5
https://www.gsfsuihvbt.com,0,26,0,0,5
https://www.uyqantkooj.com,1,26,0,0,5
https://www.rsmymfgevq.com,1,26,0,0,5
https://www.alpjlvolmb.com,1,26,0,0,5
https://www.tevdcizyep.com,1,26,0,0,5
https://www.dvqbcrdivi.com,1,26,0,0,5
https://www.tukmivdglf.com,1,26,0,0,5
https://www.qlzjzwcewz.com,1,26,0,0,5
https://www.qdxdnvapto.com,1,26,0,0,5
https://www.ksskuofgrj.com,0,26,0,0,5
https://www.lolufhswqn.com,1,26,0,0,5
https://www.ajylwnkblg.com,1,26,0,0,5
https://www.lhxbbwzhhq.com,1,26,0,0,5
https://www.haxwqcxsld.com,1,26,0,0,5
https://www.gmgtnfyggo.com,0,26,0,0,5
https://www.nwmphvffle.com,1,26,0,0,5
https://www.rooolfynun.com,1,26,0,0,5
https://www.xyuoqgkotp.com,0,26,0,0,5
https://www.wbdkmwoppj.com,0,26,0,0,5
https://www.qfppkvkiut.com,1,26,0,0,5
https://www.ftgfmtxkhm.com,0,26,0,0,5
https://www.icaxinuyys.com,0,26,0,0,5
https://www.qxojwfynjs.com,0,26,0,0,5
https://www.kydaxkyilu.com,0,26,0,0,5
https://www.hajcufkpvj.com,0,26,0,0,5
https://www.jyzqakgfan.com,0,26,0,0,5
https://www.pxgqjmwqmj.com,0,26,0,0,5
https://www.zgosfhuhtx.com,1,26,0,0,5
https://www.wmpcqdtgsc.com,1,26,0,0,5
https://www.voodnnqrom.com,1,26,0,0,5
https://www.tnvtvamdfh.com,0,26,0,0,5
https://www.ybmeczhnun.com,1,26,0,0,5
https://www.iihjncahka.com,1,26,0,0,5
https://www.cuntdgaibq.com,1,26,0,0,5
https://www.iwdpgudbhq.com,1,26,0,0,5
https://www.eynwdurlcz.com,1,26,0,0,5
https://www.xieoietrpr.com,0,26,0,0,5
https://www.qygwmvuuvb.com,1,26,0,0,5
https://www.mqdrvljfmz.com,0,26,0,0,5
https://www.dkwiwrooff.com,1,26,0,0,5
https://www.uqfhiybdnc.com,1,26,0,0,5
https://www.ftmbsnmfpd.com,1,26,0,0,5
https://www.asutrbchbj.com,1,26,0,0,5
https://www.lyqguankiy.com,0,26,0,0,5
https://www.zakrzhyvkv.com,0,26,0,0,5
https://www.atprxsvdcg.com,0,26,0,0,5
https://www.exondtlfqn.com,1,26,0,0,5
https://www.fymrrhzjpr.com,1,26,0,0,5
https://www.edrksuncdw.com,0,26,0,0,5
https://www.vmcwomwfxl.com,0,26,0,0,5
https://www.acsmxcwdji.com,0,26,0,0,5
https://www.feflmwqndf.com,0,26,0,0,5
https://www.xpiwklercx.com,1,26,0,0,5
https://www.iaaizmvnqd.com,1,26,0,0,5
https://www.hgwdklfznq.com,1,26,0,0,5
https://www.teorfzdbsl.com,1,26,0,0,5
https://www.uflqiiimxl.com,1,26,0,0,5
https://www.gqtmwxvtjv.com,1,26,0,0,5
https://www.xeiplklzsf.com,1,26,0,0,5
https://www.admpqlpfgf.com,1,26,0,0,5
https://www.bsmfgpjnrg.com,1,26,0,0,5
https://www.jcljanupjv.com,1,26,0,0,5
https://www.clckcaovoc.com,1,26,0,0,5
https://www.mopspzipbr.com,1,26,0,0,5
https://www.ugzzkjlitq.com,1,26,0,0,5
https://www.koqkmruunr.com,1,26,0,0,5
https://www.hggxaoxxru.com,1,26,0,0,5
https://www.xlxzispvxp.com,1,26,0,0,5
https://www.wopylofntx.com,1,26,0,0,5
https://www.drejfyolfy.com,1,26,0,0,5
https://www.slltxeyqmy.com,1,26,0,0,5
https://www.pkayhtbycg.com,1,26,0,0,5
https://www.vbahwvlohb.com,1,26,0,0,5
https://www.cuvnvtexvp.com,1,26,0,0,5
https://www.pqbgwodtys.com,1,26,0,0,5
https://www.zepzdnkufd.com,1,26,0,0,5
https://www.ctjafxprjy.com,1,26,0,0,5
https://www.jyzlhbcbdk.com,1,26,0,0,5
https://www.sqvxawxxvl.com,0,26,0,0,5
https://www.jujgnyzngb.com,1,26,0,0,5
https://www.fzxoxkqrju.com,1,26,0,0,5
https://www.wxpyxlmvgu.com,1,26,0,0,5
https://www.kscdwozpch.com,1,26,0,0,5
https://www.fuuvfpnabq.com,1,26,0,0,5
https://www.lhseykupgo.com,1,26,0,0,5
https://www.clwtnrlqfr.com,1,26,0,0,5
https://www.xvhybebqhg.com,1,26,0,0,5
https://www.itrcilfjfl.com,1,26,0,0,5
https://www.duodgjwcqi.com,1,26,0,0,5
https://www.nnsbqbppps.com,1,26,0,0,5
https://www.ckeelkvmxh.com,1,26,0,0,5
https://www.umbcgxrseh.com,1,26,0,0,5
https://www.xznenskixb.com,0,26,0,0,5
https://www.muqcbafzkn.com,0,26,0,0,5
https://www.wabldhaoxq.com,0,26,0,0,5
https://www.tgnbndnovn.com,0,26,0,0,5
https://www.aepdimwgfu.com,0,26,0,0,5
https://www.ksncqntanw.com,0,26,0,0,5
https://www.bmjmmovcxn.com,1,26,0,0,5
https://www.reboyrmjmp.com,1,26,0,0,5
https://www.ykfoshzobt.com,1,26,0,0,5
https://www.lbnzkxtmcb.com,1,26,0,0,5
https://www.phfrlqtyuk.com,1,26,0,0,5
https://www.npizjpgikt.com,1,26,0,0,5
https://www.rupjaocjis.com,1,26,0,0,5
https://www.ggwjpnjplu.com,0,26,0,0,5
https://www.vohbyhjrlt.com,1,26,0,0,5
https://www.shvyivsmai.com,0,26,0,0,5
https://www.vpmbsaakln.com,1,26,0,0,5
https://www.yrlmgsqmez.com,0,26,0,0,5
https://www.nqaggiikpb.com,0,26,0,0,5
https://www.forwmjfscr.com,0,26,0,0,5
https://www.yembjmljby.com,1,26,0,0,5
https://www.vdxnfrkyet.com,0,26,0,0,5
https://www.fvarejpblm.com,0,26,0,0,5
https://www.ymxwahwiut.com,1,26,0,0,5
https://www.ycywpqodef.com,1,26,0,0,5
https://www.uotqlcidyp.com,1,26,0,0,5
https://www.pehzerjpna.com,0,26,0,0,5
https://www.vaxldhuhvj.com,1,26,0,0,5
https://www.uiipcldirf.com,1,26,0,0,5
https://www.yfnjqucqxu.com,1,26,0,0,5
https://www.sqjzuvfwfw.com,1,26,0,0,5
https://www.xbfupxnucd.com,1,26,0,0,5
https://www.hzelcznmhm.com,1,26,0,0,5
https://www.xmijfqadde.com,1,26,0,0,5
https://www.kjrcukljds.com,0,26,0,0,5
https://www.srhrddzsho.com,1,26,0,0,5
https://www.vofbfahpui.com,1,26,0,0,5
https://www.iknrrtzlux.com,1,26,0,0,5
https://www.gdemizrcgx.com,1,26,0,0,5
https://www.ghcwqdnpea.com,1,26,0,0,5
https://www.unotfaarjg.com,0,26,0,0,5
https://www.jkxmmcfmva.com,0,26,0,0,5
https://www.dvjftybujz.com,1,26,0,0,5
https://www.hzhntfjzwy.com,0,26,0,0,5
https://www.xldtmwmcfl.com,1,26,0,0,5
https://www.adrzabgwlj.com,1,26,0,0,5
https://www.psbifiraxu.com,1,26,0,0,5
https://www.naufnkmlep.com,1,26,0,0,5
https://www.oscqihzdcc.com,1,26,0,0,5
https://www.mzmhbzofca.com,0,26,0,0,5
https://www.aritqyxfdc.com,0,26,0,0,5
https://www.skvrvccqej.com,1,26,0,0,5
https://www.bxfuxkysmt.com,1,26,0,0,5
https://www.xqjnftjaob.com,1,26,0,0,5
https://www.chjysnciud.com,0,26,0,0,5
https://www.uzfyyperkw.com,1,26,0,0,5
https://www.jxhdqzgsbi.com,0,26,0,0,5
https://www.dkhpwviypc.com,0,26,0,0,5
https://www.dufcrnexzy.com,1,26,0,0,5
https://www.bduqxpzwkt.com,1,26,0,0,5
https://www.kgbciqycps.com,1,26,0,0,5
https://www.tigoyahdzr.com,1,26,0,0,5
https://www.scytjnmfuq.com,0,26,0,0,5
https://www.iziibvyufd.com,0,26,0,0,5
https://www.pzcfqaepbk.com,1,26,0,0,5
https://www.ukohdskeja.com,0,26,0,0,5
https://www.fdnjnxzgev.com,1,26,0,0,5
https://www.bntipuxcaf.com,0,26,0,0,5
https://www.aetmxswesi.com,1,26,0,0,5
https://www.okwvbyfccc.com,1,26,0,0,5
https://www.szpqbwudgv.com,0,26,0,0,5
https://www.ckgckiehok.com,1,26,0,0,5
https://www.jrybvjxqgt.com,0,26,0,0,5
https://www.fytzqramzn.com,1,26,0,0,5
https://www.cwuvbpfdyr.com,1,26,0,0,5
https://www.iwhmggfjiv.com,1,26,0,0,5
https://www.fbjocsjzqw.com,0,26,0,0,5
https://www.wurnrxvynk.com,1,26,0,0,5
https://www.karopxnyzq.com,1,26,0,0,5
https://www.pkenjlqote.com,1,26,0,0,5
https://www.dxyyayahfc.com,0,26,0,0,5
https://www.dbrxnvzwkl.com,1,26,0,0,5
https://www.ghfqbypumx.com,0,26,0,0,5
https://www.ldvfossfrv.com,0,26,0,0,5
https://www.hovnylefco.com,0,26,0,0,5
https://www.nzuhomqzkg.com,0,26,0,0,5
https://www.riqhrltnyi.com,1,26,0,0,5
https://www.cgckdfhjgz.com,1,26,0,0,5
https://www.bmquwvqamj.com,1,26,0,0,5
https://www.wgovtsdiae.com,1,26,0,0,5
https://www.ucsvteqrrm.com,1,26,0,0,5
https://www.ueihlvatne.com,1,26,0,0,5
https://www.bjsawmcwva.com,1,26,0,0,5
https://www.dsmppgpmxe.com,1,26,0,0,5
https://www.mczuftuitm.com,1,26,0,0,5
https://www.uygqtgndak.com,1,26,0,0,5
https://www.mwgpxphmsu.com,1,26,0,0,5
https://www.xlezwpqgpr.com,1,26,0,0,5
https://www.vxsleizrsq.com,0,26,0,0,5
https://www.uoctwypywh.com,1,26,0,0,5
https://www.nhukbpxaxh.com,1,26,0,0,5
https://www.mbrmqdjzwh.com,1,26,0,0,5
https://www.kfhekxojtd.com,1,26,0,0,5
https://www.jimhujchos.com,1,26,0,0,5
https://www.wsehrjashs.com,1,26,0,0,5
https://www.pydndajqes.com,1,26,0,0,5
https://www.qgutuopaxs.com,1,26,0,0,5
https://www.pdfjgxlovc.com,1,26,0,0,5
https://www.ckmoolbzok.com,0,26,0,0,5
https://www.drwynsltew.com,0,26,0,0,5
https://www.qnpxgebyps.com,0,26,0,0,5
https://www.jbubmupnug.com,1,26,0,0,5
https://www.qsqtojcelh.com,1,26,0,0,5
https://www.aqwxqjdczz.com,0,26,0,0,5
https://www.qunpopzfqp.com,0,26,0,0,5
https://www.tzlamlhjwc.com,1,26,0,0,5
https://www.rjzcfbptam.com,0,26,0,0,5
https://www.cuhzoprlom.com,0,26,0,0,5
https://www.tcsugzupei.com,1,26,0,0,5
https://www.yavufneisx.com,1,26,0,0,5
https://www.fcykitoafo.com,1,26,0,0,5
https://www.ckghalvysu.com,1,26,0,0,5
https://www.vhaqqexcza.com,1,26,0,0,5
https://www.hhhvctusaa.com,0,26,0,0,5
https://www.jrafqznuwq.com,0,26,0,0,5
https://www.sitmjtzwhw.com,1,26,0,0,5
https://www.fvhjuifiim.com,0,26,0,0,5
https://www.gxcdbryify.com,1,26,0,0,5
https://www.euwhjedrku.com,0,26,0,0,5
https://www.kzvuzlxhal.com,1,26,0,0,5
https://www.uclxfzfkqd.com,1,26,0,0,5
https://www.mosakrkywj.com,0,26,0,0,5
https://www.hsbvbmupin.com,1,26,0,0,5
https://www.ckfeyrbwqp.com,1,26,0,0,5
https://www.qgwjaksrrw.com,1,26,0,0,5
https://www.pjodthbcbj.com,1,26,0,0,5
https://www.ofppusgirf.com,1,26,0,0,5
https://www.bhotextrys.com,1,26,0,0,5
https://www.wrsshsmqvs.com,1,26,0,0,5
https://www.rymgyhknpp.com,0,26,0,0,5
https://www.lzegbcswes.com,1,26,0,0,5
https://www.lgpnsttvfx.com,1,26,0,0,5
https://www.jzgxmqcmof.com,1,26,0,0,5
https://www.bjqxjtysoa.com,1,26,0,0,5
https://www.nlwlumekfi.com,0,26,0,0,5
https://www.cgcshaaxvy.com,1,26,0,0,5
https://www.qrneauqrjs.com,1,26,0,0,5
https://www.xozznqdjwz.com,1,26,0,0,5
https://www.umndxefndc.com,1,26,0,0,5
https://www.smbknpmuff.com,1,26,0,0,5
https://www.glhycuwbug.com,0,26,0,0,5
https://www.dgxpmubbcp.com,0,26,0,0,5
https://www.susrcfxbme.com,1,26,0,0,5
https://www.otkxlbgwqo.com,0,26,0,0,5
https://www.srtfajgozk.com,0,26,0,0,5
https://www.ifcrbfukva.com,0,26,0,0,5
https://www.mectdtirfb.com,1,26,0,0,5
https://www.dqixmvixud.com,1,26,0,0,5
https://www.ydefdlurru.com,1,26,0,0,5
https://www.ektfylpozz.com,0,26,0,0,5
https://www.wlmkxftnws.com,1,26,0,0,5
https://www.cnhfpmsdjf.com,0,26,0,0,5
https://www.ogsbpuxays.com,1,26,0,0,5
https://www.zxfycccert.com,0,26,0,0,5
https://www.rlxslcokzy.com,0,26,0,0,5
https://www.vydwedexjr.com,0,26,0,0,5
https://www.jingoyfbmz.com,0,26,0,0,5
https://www.mdjivekqqm.com,1,26,0,0,5
https://www.umweewobwk.com,0,26,0,0,5
https://www.tyndbryqmz.com,1,26,0,0,5
https://www.zhgmmxoqfc.com,1,26,0,0,5
https://www.upqrcigqtz.com,0,26,0,0,5
https://www.ajbrkrvlze.com,1,26,0,0,5
https://www.ydjkxuacsn.com,0,26,0,0,5
https://www.uexutxnzmq.com,1,26,0,0,5
https://www.uxrefkwfya.com,1,26,0,0,5
https://www.mjszdflyfq.com,0,26,0,0,5
https://www.zkfrkdvfbe.com,1,26,0,0,5
https://www.wipgyxxlpa.com,0,26,0,0,5
https://www.pzevxkrtbs.com,1,26,0,0,5
https://www.rhzgvihipz.com,1,26,0,0,5
https://www.lgwlgroidq.com,0,26,0,0,5
https://www.jvsgdcdkgw.com,1,26,0,0,5
https://www.rhkbshjijj.com,0,26,0,0,5
https://www.eypmmytnrb.com,0,26,0,0,5
https://www.ksxzgxmsds.com,1,26,0,0,5
https://www.ykyjemfdcv.com,1,26,0,0,5
https://www.kmrjkgkroy.com,0,26,0,0,5
https://www.erfukvvqog.com,1,26,0,0,5
https://www.iytcvnrmpu.com,1,26,0,0,5
https://www.teeghzprbk.com,0,26,0,0,5
https://www.ekjpcvdeze.com,0,26,0,0,5
https://www.avmwepoyri.com,0,26,0,0,5
https://www.vxxpdpnfys.com,1,26,0,0,5
https://www.pqyedllqre.com,1,26,0,0,5
https://www.lzglihcecq.com,1,26,0,0,5
https://www.yrbwgrvfwr.com,1,26,0,0,5
https://www.dwnofohisi.com,0,26,0,0,5
https://www.jyotkpptbh.com,1,26,0,0,5
https://www.aepnhokymm.com,0,26,0,0,5
https://www.xyjunllyww.com,0,26,0,0,5
https://www.fqnusyhlwt.com,1,26,0,0,5
https://www.ofnlosfahs.com,1,26,0,0,5
https://www.owzrpcpqyh.com,1,26,0,0,5
https://www.llpygvepdr.com,1,26,0,0,5
https://www.fcjtjgqvhy.com,1,26,0,0,5
https://www.chlvamcdci.com,0,26,0,0,5
https://www.qsqtpvvhiy.com,1,26,0,0,5
https://www.qeqhpektyn.com,1,26,0,0,5
https://www.gxtpxbtglq.com,0,26,0,0,5
https://www.lqqwsqxrwc.com,1,26,0,0,5
https://www.lmrkxmducj.com,1,26,0,0,5
https://www.dnqpnplqwz.com,1,26,0,0,5
https://www.vyzuxpybwg.com,1,26,0,0,5
https://www.wiglrpxrvh.com,1,26,0,0,5
https://www.bmmptzjcpl.com,0,26,0,0,5
https://www.qctonfqsvq.com,1,26,0,0,5
https://www.qqynkyhubk.com,0,26,0,0,5
https://www.ylwhnorwhk.com,1,26,0,0,5
https://www.jaedqjzhcs.com,1,26,0,0,5
https://www.bboisbetlb.com,1,26,0,0,5
https://www.tzdluzesrj.com,1,26,0,0,5
https://www.koqbvqukpj.com,0,26,0,0,5
https://www.wdnamovpqe.com,1,26,0,0,5
https://www.izlumxqxid.com,1,26,0,0,5
https://www.ooxculmrum.com,1,26,0,0,5
https://www.xcqzkgmnrm.com,1,26,0,0,5
https://www.jlhmgsdull.com,1,26,0,0,5
https://www.qjezdhsbvh.com,1,26,0,0,5
https://www.vnxyzknutx.com,1,26,0,0,5
https://www.ywiuwuborr.com,0,26,0,0,5
https://www.tvoxfdegmu.com,0,26,0,0,5
https://www.aplneryrxt.com,1,26,0,0,5
https://www.tqujrzdbbt.com,1,26,0,0,5
https://www.emufrsrcpc.com,1,26,0,0,5
https://www.opxgruwzbw.com,1,26,0,0,5
https://www.jnxecfkaju.com,1,26,0,0,5
https://www.wtrktlbuqw.com,1,26,0,0,5
https://www.owdoftxuxw.com,0,26,0,0,5
https://www.xqyubpbxkf.com,1,26,0,0,5
https://www.eaqrlbizhm.com,1,26,0,0,5
https://www.kcheuepnbs.com,1,26,0,0,5
https://www.bdnrpsjhkt.com,1,26,0,0,5
https://www.vtohztvwmd.com,1,26,0,0,5
https://www.fbcvomxxup.com,1,26,0,0,5
https://www.nrveysjkns.com,0,26,0,0,5
https://www.pafhrvgeuf.com,1,26,0,0,5
https://www.orfhetboxe.com,1,26,0,0,5
https://www.tjzikfnlus.com,0,26,0,0,5
https://www.vyjokgnoie.com,1,26,0,0,5
https://www.lnmykodfgw.com,0,26,0,0,5
https://www.ocqrpdyirc.com,0,26,0,0,5
https://www.ljmmqkhxhz.com,1,26,0,0,5
https://www.vhzfbbnnfc.com,0,26,0,0,5
https://www.brzyuoxbou.com,0,26,0,0,5
https://www.jhnzdjcjme.com,1,26,0,0,5
https://www.sjzulmsxmx.com,0,26,0,0,5
https://www.jycnbpvjae.com,1,26,0,0,5
https://www.atrpwqlsse.com,0,26,0,0,5
https://www.mttcijafmg.com,1,26,0,0,5
https://www.fwfdrkfkpu.com,0,26,0,0,5
https://www.bolvzcauyn.com,1,26,0,0,5
https://www.sefwqqxeqc.com,0,26,0,0,5
https://www.mitpdpiixl.com,1,26,0,0,5
https://www.epwydvvpyw.com,0,26,0,0,5
https://www.wlrdcrpoxy.com,1,26,0,0,5
https://www.xpqucrpopy.com,1,26,0,0,5
https://www.uzlvlhjnnf.com,1,26,0,0,5
https://www.dcdcytoqin.com,0,26,0,0,5
https://www.gpjeewejnh.com,1,26,0,0,5
https://www.dfmsylyumv.com,0,26,0,0,5
https://www.dzdqamdclo.com,1,26,0,0,5
https://www.ghbcpmgaxy.com,0,26,0,0,5
https://www.lsqueerbmp.com,1,26,0,0,5
https://www.srtkjvrpvl.com,0,26,0,0,5
https://www.kfmqgqiaov.com,1,26,0,0,5
https://www.ckjkutiqbd.com,0,26,0,0,5
https://www.jarcordeir.com,0,26,0,0,5
https://www.ehjwztpydf.com,1,26,0,0,5
https://www.bvzvhrawwv.com,0,26,0,0,5
https://www.dypzwuvgdh.com,1,26,0,0,5
https://www.lgcecbaczk.com,1,26,0,0,5
https://www.kcuonbugdi.com,0,26,0,0,5
https://www.jyydaxukgg.com,1,26,0,0,5
https://www.updnamlhdc.com,1,26,0,0,5
https://www.udroxpntwg.com,0,26,0,0,5
https://www.qyvwquaakt.com,1,26,0,0,5
https://www.bazmanuohm.com,1,26,0,0,5
https://www.tlucjoabpu.com,0,26,0,0,5
https://www.nyhjuornni.com,1,26,0,0,5
https://www.wbdoedvods.com,1,26,0,0,5
https://www.nvhpvubnpn.com,0,26,0,0,5
https://www.zfapabzybp.com,0,26,0,0,5
https://www.bibjflulgw.com,1,26,0,0,5
https://www.clxaiaoabq.com,1,26,0,0,5
https://www.lwcqfzytmb.com,1,26,0,0,5
https://www.kxewnlecrk.com,1,26,0,0,5
https://www.ojcksncjcz.com,0,26,0,0,5
https://www.skaevmgepa.com,1,26,0,0,5
https://www.vlfolvbrmi.com,1,26,0,0,5
https://www.tauuaatszz.com,1,26,0,0,5
https://www.fpvspimsku.com,0,26,0,0,5
https://www.enwpefxbce.com,0,26,0,0,5
https://www.uvuuwjknjv.com,0,26,0,0,5
https://www.vipopjirsv.com,1,26,0,0,5
https://www.aksnywtwwj.com,0,26,0,0,5
https://www.bjdcqkduzl.com,1,26,0,0,5
https://www.sjvycyvfvs.com,1,26,0,0,5
https://www.uoiezetqzz.com,1,26,0,0,5
https://www.iaqeokctpo.com,0,26,0,0,5
https://www.pbvvyhlagz.com,1,26,0,0,5
https://www.agplyyzwfc.com,1,26,0,0,5
https://www.jkvelkhixz.com,1,26,0,0,5
https://www.remohtujrm.com,1,26,0,0,5
https://www.jcujvbyvmj.com,0,26,0,0,5
https://www.twmsiuchpn.com,1,26,0,0,5
https://www.ghpvsqokrf.com,0,26,0,0,5
https://www.ubaujbnglx.com,1,26,0,0,5
https://www.zhfdrnvhzw.com,0,26,0,0,5
https://www.dvfnzskjjd.com,1,26,0,0,5
https://www.ezbbvqinji.com,1,26,0,0,5
https://www.aphyarpxat.com,1,26,0,0,5
https://www.agadmdbtry.com,1,26,0,0,5
https://www.xmjjgvafrr.com,1,26,0,0,5
https://www.dqlbihplxk.com,1,26,0,0,5
https://www.ifbjxvklod.com,0,26,0,0,5
https://www.zchdclygjn.com,1,26,0,0,5
https://www.wdykjubsgh.com,1,26,0,0,5
https://www.calnanklsb.com,1,26,0,0,5
https://www.qcoukswnfa.com,0,26,0,0,5
https://www.ikubonuwht.com,1,26,0,0,5
https://www.bimeuogsqn.com,1,26,0,0,5
https://www.gmldwcycwv.com,0,26,0,0,5
https://www.zwaevsjzha.com,0,26,0,0,5
https://www.lcileyifpn.com,0,26,0,0,5
https://www.yqqthdyvwm.com,0,26,0,0,5
https://www.brymvsbowj.com,1,26,0,0,5
https://www.xqiflcjlje.com,0,26,0,0,5
https://www.sovbgfbsag.com,1,26,0,0,5
https://www.toxxwtpymx.com,1,26,0,0,5
https://www.cvybhtyigt.com,1,26,0,0,5
https://www.ytnsbryanv.com,1,26,0,0,5
https://www.bdumwmoyay.com,1,26,0,0,5
https://www.msgxsyyiho.com,0,26,0,0,5
https://www.ajhdurinyx.com,0,26,0,0,5
https://www.vepkjcseov.com,0,26,0,0,5
https://www.ssmeovmzzq.com,1,26,0,0,5
https://www.fwkldnatyt.com,1,26,0,0,5
https://www.kunwnogffa.com,1,26,0,0,5
https://www.avpnhbrhqe.com,1,26,0,0,5
https://www.lzunkxwnnw.com,1,26,0,0,5
https://www.dvkoevhlld.com,1,26,0,0,5
https://www.tbqpqhollt.com,0,26,0,0,5
https://www.yrjornysod.com,1,26,0,0,5
https://www.qtbfzbcngo.com,1,26,0,0,5
https://www.jgeyhauxxx.com,1,26,0,0,5
https://www.ldqnxgqicr.com,1,26,0,0,5
https://www.oufhjjmdmk.com,1,26,0,0,5
https://www.dvimbwwlqr.com,1,26,0,0,5
https://www.kqwsjkopsp.com,1,26,0,0,5
https://www.paxxfzbiib.com,1,26,0,0,5
https://www.cptlvzevmh.com,1,26,0,0,5
https://www.ogchefiusa.com,0,26,0,0,5
https://www.zusizzqhee.com,0,26,0,0,5
https://www.ozjuznzrau.com,1,26,0,0,5
https://www.hxoxfkufuv.com,1,26,0,0,5
https://www.epufaropxz.com,0,26,0,0,5
https://www.tpgsjjcdtr.com,0,26,0,0,5
https://www.nofqmyxjjh.com,1,26,0,0,5
https://www.bfstbzdggt.com,1,26,0,0,5
https://www.aihvqzdbsu.com,0,26,0,0,5
https://www.qewmkgljuh.com,1,26,0,0,5
https://www.uumziztjrz.com,1,26,0,0,5
https://www.yduoccjlzy.com,1,26,0,0,5
https://www.cztkqlqkjg.com,0,26,0,0,5
https://www.valgzqycnb.com,0,26,0,0,5
https://www.ekqfcioazt.com,1,26,0,0,5
https://www.pxaggfazwl.com,0,26,0,0,5
https://www.cdelzzsvhi.com,1,26,0,0,5
https://www.kjmxupjlag.com,1,26,0,0,5
https://www.bpeubqjjey.com,1,26,0,0,5
https://www.ppjgtbsopu.com,0,26,0,0,5
https://www.fpzhhwodkm.com,1,26,0,0,5
https://www.ttjbcpnnzk.com,1,26,0,0,5
https://www.mimrbgeggu.com,1,26,0,0,5
https://www.tirigkypag.com,1,26,0,0,5
https://www.cieuhhuohb.com,0,26,0,0,5
https://www.zlartdgkgj.com,0,26,0,0,5
https://www.xgacrjowty.com,0,26,0,0,5
https://www.blwutvphfn.com,0,26,0,0,5
https://www.kcarmguqbs.com,1,26,0,0,5
https://www.nfimhiftwq.com,1,26,0,0,5
https://www.jdgmsoefxd.com,1,26,0,0,5
https://www.dckicdtppo.com,1,26,0,0,5
https://www.hlywhcretg.com,0,26,0,0,5
https://www.tfhlbxzidt.com,0,26,0,0,5
https://www.vpldnhheay.com,1,26,0,0,5
https://www.fvyncsogdn.com,1,26,0,0,5
https://www.cxiohwdzgv.com,0,26,0,0,5
https://www.tmdmbcaqel.com,1,26,0,0,5
https://www.wknkwwthec.com,1,26,0,0,5
https://www.lfygsvdgsf.com,1,26,0,0,5
https://www.qhrtipcxdw.com,1,26,0,0,5
https://www.ajrlbticdb.com,0,26,0,0,5
https://www.glfthtnwmj.com,1,26,0,0,5
https://www.vvsugowkvn.com,1,26,0,0,5
https://www.djzxtcripy.com,1,26,0,0,5
https://www.dhnbiwrnch.com,1,26,0,0,5
https://www.jiixwnutak.com,0,26,0,0,5
https://www.culcuhauoh.com,1,26,0,0,5
https://www.zjcatdysfg.com,0,26,0,0,5
https://www.eratayorjg.com,0,26,0,0,5
https://www.asatfzcthp.com,1,26,0,0,5
https://www.xqxfbsrehx.com,0,26,0,0,5
https://www.gtmtluqacp.com,1,26,0,0,5
https://www.wltfjqrjyi.com,1,26,0,0,5
https://www.crjftjxiyz.com,1,26,0,0,5
https://www.beeldyjzfh.com,0,26,0,0,5
https://www.qrdjgqohed.com,1,26,0,0,5
https://www.sjgcnxjgko.com,0,26,0,0,5
https://www.czlwxvzdck.com,1,26,0,0,5
https://www.bhrnbxrlht.com,1,26,0,0,5
https://www.gcluaftdzi.com,1,26,0,0,5
https://www.buchnztxxc.com,0,26,0,0,5
https://www.tbncszrypa.com,1,26,0,0,5
https://www.rjxfuktepw.com,0,26,0,0,5
https://www.ooikjsltzd.com,1,26,0,0,5
https://www.gofxjubodd.com,0,26,0,0,5
https://www.geiwngimng.com,1,26,0,0,5
https://www.khrafrgcxx.com,1,26,0,0,5
https://www.uxlijkiblk.com,0,26,0,0,5
https://www.kiiumgzcgd.com,1,26,0,0,5
https://www.zayhuvatdn.com,0,26,0,0,5
https://www.vpdswfqach.com,0,26,0,0,5
https://www.obbisllwoz.com,1,26,0,0,5
https://www.bulmgdbxeb.com,1,26,0,0,5
https://www.dzhhnegbek.com,0,26,0,0,5
https://www.qtgoktdhys.com,1,26,0,0,5
https://www.eepxlqmtce.com,1,26,0,0,5
https://www.scwjjlayue.com,1,26,0,0,5
https://www.ypgkrebyog.com,0,26,0,0,5
https://www.yrmipfhvts.com,1,26,0,0,5
https://www.byhdnjzxkt.com,1,26,0,0,5
https://www.jfesvbraka.com,0,26,0,0,5
https://www.uujqetvnkv.com,1,26,0,0,5
https://www.hsdkwojuhf.com,1,26,0,0,5
https://www.zrktbagjaa.com,1,26,0,0,5
https://www.tjzwqandda.com,0,26,0,0,5
https://www.eadewuycfg.com,1,26,0,0,5
https://www.lrlpqamheh.com,1,26,0,0,5
https://www.ggwdrjtwzg.com,1,26,0,0,5
https://www.xtzpurktgs.com,0,26,0,0,5
https://www.jyjoejxivu.com,1,26,0,0,5
https://www.adrbbfyvyk.com,1,26,0,0,5
https://www.hnwfbpwymc.com,1,26,0,0,5
https://www.aiegbfvrfc.com,1,26,0,0,5
https://www.unglwmunkf.com,0,26,0,0,5
https://www.nvmuoglwbi.com,1,26,0,0,5
https://www.fqrotzwfte.com,1,26,0,0,5
https://www.htcrnyvmkl.com,1,26,0,0,5
https://www.yeolhpuhco.com,1,26,0,0,5
https://www.lhyxlbeaex.com,1,26,0,0,5
https://www.bixxhrixxj.com,0,26,0,0,5
https://www.plhpqgayjo.com,1,26,0,0,5
https://www.vdgmpgggsk.com,0,26,0,0,5
https://www.btetneoyze.com,1,26,0,0,5
https://www.bgeombgfhi.com,1,26,0,0,5
https://www.pqrihyyieq.com,0,26,0,0,5
https://www.fkbicflzcg.com,1,26,0,0,5
https://www.skoqcisuva.com,1,26,0,0,5
https://www.alnucotgdz.com,1,26,0,0,5
https://www.bnvjllgpgm.com,0,26,0,0,5
https://www.igvdbxikvn.com,1,26,0,0,5
https://www.vkrbvxrosc.com,0,26,0,0,5
https://www.umbinbphoi.com,0,26,0,0,5
https://www.amphhrtnnf.com,1,26,0,0,5
https://www.btcaojtnks.com,1,26,0,0,5
https://www.khzamzsteg.com,1,26,0,0,5
https://www.tnhefwsrxs.com,0,26,0,0,5
https://www.npwiyodziy.com,1,26,0,0,5
https://www.rpwxkbgoim.com,0,26,0,0,5
https://www.gkhvxfsfgk.com,1,26,0,0,5
https://www.gvzjuqyhth.com,1,26,0,0,5
https://www.yntyaihskb.com,1,26,0,0,5
https://www.qbedcdbsgs.com,1,26,0,0,5
https://www.ayjpqeueiv.com,0,26,0,0,5
https://www.zhxdyajzss.com,1,26,0,0,5
https://www.innxzxvmna.com,1,26,0,0,5
https://www.fnmfculnda.com,1,26,0,0,5
https://www.gcsgiedymo.com,0,26,0,0,5
https://www.gqtsimaphn.com,0,26,0,0,5
https://www.vwpurhlshq.com,1,26,0,0,5
https://www.pjiwejcirx.com,0,26,0,0,5
https://www.wfxzcidjmr.com,1,26,0,0,5
https://www.xvvldznodv.com,1,26,0,0,5
https://www.pnpoavgwli.com,1,26,0,0,5
https://www.bzpyaetuea.com,0,26,0,0,5
https://www.vbgnuamiaa.com,1,26,0,0,5
https://www.cdgabixbmj.com,1,26,0,0,5
https://www.fmvhzqknmy.com,0,26,0,0,5
https://www.wqsrvfyjlz.com,1,26,0,0,5
https://www.mzcrypnvnn.com,0,26,0,0,5
https://www.vafuwsfqow.com,0,26,0,0,5
https://www.uravpnpafb.com,0,26,0,0,5
https://www.xbqdleeukb.com,0,26,0,0,5
https://www.uypxegicnp.com,1,26,0,0,5
https://www.ssiolprueu.com,1,26,0,0,5
https://www.tnizslsibb.com,1,26,0,0,5
https://www.vpownsoqbx.com,1,26,0,0,5
https://www.bknxdoukpn.com,1,26,0,0,5
https://www.qheqjevbmy.com,0,26,0,0,5
https://www.nvouymyhru.com,1,26,0,0,5
https://www.owdkeoinfv.com,1,26,0,0,5
https://www.ysmaypucct.com,0,26,0,0,5
https://www.tukdbgszkm.com,1,26,0,0,5
https://www.ddsmvfzxsm.com,1,26,0,0,5
https://www.xcfeeyerey.com,0,26,0,0,5
https://www.fovqibskot.com,1,26,0,0,5
https://www.mtpizvnyzc.com,0,26,0,0,5
https://www.htzwclarzr.com,1,26,0,0,5
https://www.edcxcxifzn.com,0,26,0,0,5
https://www.bdrqqtzuzl.com,1,26,0,0,5
https://www.xbapjbvxdo.com,1,26,0,0,5
https://www.hgopedjhjr.com,1,26,0,0,5
https://www.wyjewyqzar.com,1,26,0,0,5
https://www.ekzxtmyobm.com,1,26,0,0,5
https://www.cutwkdccrk.com,1,26,0,0,5
https://www.cetwccxyjw.com,1,26,0,0,5
https://www.khbpknzikl.com,1,26,0,0,5
https://www.nirxppogvp.com,1,26,0,0,5
https://www.pxciigzlfo.com,0,26,0,0,5
https://www.xuzhwcnntd.com,1,26,0,0,5
https://www.jxnpokpjjn.com,1,26,0,0,5
https://www.ysmcyzuavn.com,1,26,0,0,5
https://www.jagvbvijdb.com,0,26,0,0,5
https://www.vibtbymetp.com,1,26,0,0,5
https://www.aszjzjggjm.com,0,26,0,0,5
https://www.gxihwyjhme.com,0,26,0,0,5
https://www.yfnbftigcj.com,1,26,0,0,5
https://www.nyptlysnmk.com,1,26,0,0,5
https://www.tfzdpwzraa.com,0,26,0,0,5
https://www.izogelguog.com,1,26,0,0,5
https://www.wkiyewbkcz.com,1,26,0,0,5
https://www.wwtuvufitx.com,1,26,0,0,5
https://www.mqavtvmzxk.com,0,26,0,0,5
https://www.pobavfzkny.com,1,26,0,0,5
https://www.kocfnhdfta.com,1,26,0,0,5
https://www.yiptllydpn.com,1,26,0,0,5
https://www.vmdegnydmh.com,1,26,0,0,5
https://www.opwndgcwoo.com,1,26,0,0,5
https://www.cyekztourn.com,1,26,0,0,5
https://www.hhezqrmbgf.com,1,26,0,0,5
https://www.slgvtugayx.com,1,26,0,0,5
https://www.pwzfxwmiml.com,0,26,0,0,5
https://www.pwarqaikhc.com,1,26,0,0,5
https://www.mtpmqsmyah.com,0,26,0,0,5
https://www.dhubeguepu.com,1,26,0,0,5
https://www.dcmvohyzbc.com,1,26,0,0,5
https://www.lpzdtndmst.com,1,26,0,0,5
https://www.curbeuwqvg.com,0,26,0,0,5
https://www.vaobblfxde.com,1,26,0,0,5
https://www.hcwwzqaokg.com,0,26,0,0,5
https://www.piwncpdojb.com,0,26,0,0,5
https://www.okrauaxiel.com,0,26,0,0,5
https://www.zwjjjfwejz.com,0,26,0,0,5
https://www.moqzgrdlcd.com,1,26,0,0,5
https://www.pxhiokptxj.com,1,26,0,0,5
https://www.lxkenskpkh.com,1,26,0,0,5
https://www.ltgxsbzuhe.com,0,26,0,0,5
https://www.mcbdfjeqdp.com,0,26,0,0,5
https://www.zeeocxhifh.com,1,26,0,0,5
https://www.fiixjyjfbz.com,0,26,0,0,5
https://www.jpgyndzmil.com,0,26,0,0,5
https://www.gugnhhcdwk.com,0,26,0,0,5
https://www.wprxxclptd.com,0,26,0,0,5
https://www.aexdscessz.com,1,26,0,0,5
https://www.tlhqfjwerv.com,0,26,0,0,5
https://www.uikbxmxswp.com,1,26,0,0,5
https://www.griyrjevhj.com,1,26,0,0,5
https://www.nxbmjmhcsp.com,1,26,0,0,5
https://www.xkssawmxbr.com,1,26,0,0,5
https://www.cqcgzcpoas.com,0,26,0,0,5
https://www.pmmrlnzcox.com,1,26,0,0,5
https://www.feghhvensf.com,0,26,0,0,5
https://www.gposktujpr.com,0,26,0,0,5
https://www.rcoqmngyuc.com,0,26,0,0,5
https://www.zwcgfnmwce.com,1,26,0,0,5
https://www.rqzsvdefdp.com,0,26,0,0,5
https://www.adtydvrqox.com,1,26,0,0,5
https://www.mjyzcobccn.com,1,26,0,0,5
https://www.tkatxfilag.com,0,26,0,0,5
https://www.wgconphqzc.com,1,26,0,0,5
https://www.ntqelzaglh.com,0,26,0,0,5
https://www.cmajwhkxhk.com,1,26,0,0,5
https://www.wuqilixwko.com,0,26,0,0,5
https://www.knewuocaty.com,1,26,0,0,5
https://www.xkmmgmeetq.com,1,26,0,0,5
https://www.xcxpzaqana.com,1,26,0,0,5
https://www.mxjhudheel.com,1,26,0,0,5
https://www.xrlsccywxt.com,1,26,0,0,5
https://www.kuhbqjvrxl.com,1,26,0,0,5
https://www.lpvufbizzq.com,1,26,0,0,5
https://www.mfqmkwpeym.com,1,26,0,0,5
https://www.zhqebjfuzb.com,0,26,0,0,5
https://www.yhrktefapw.com,1,26,0,0,5
https://www.gaeiowhnyj.com,1,26,0,0,5
https://www.pveizgmvtn.com,0,26,0,0,5
https://www.tforzpjhxh.com,1,26,0,0,5
https://www.qpzstytgpg.com,1,26,0,0,5
https://www.otztlmjedb.com,1,26,0,0,5
https://www.vysmlnsvhn.com,0,26,0,0,5
https://www.lpxzvqcqut.com,0,26,0,0,5
https://www.uqqwyreujv.com,1,26,0,0,5
https://www.dqhkbifwzv.com,1,26,0,0,5
https://www.agnexcgssc.com,0,26,0,0,5
https://www.zgpngpbirs.com,1,26,0,0,5
https://www.kblqxfvcam.com,1,26,0,0,5
https://www.umjzvrwujj.com,0,26,0,0,5
https://www.siqbsijihw.com,0,26,0,0,5
https://www.wykhomwprz.com,1,26,0,0,5
https://www.qaayfxyxni.com,1,26,0,0,5
https://www.kgibbslffr.com,1,26,0,0,5
https://www.szrqcixaid.com,1,26,0,0,5
https://www.zujvkhmuew.com,0,26,0,0,5
https://www.tnmsxazpju.com,0,26,0,0,5
https://www.bupsdbekcm.com,1,26,0,0,5
https://www.hppiredjhp.com,1,26,0,0,5
https://www.txigvyercn.com,0,26,0,0,5
https://www.ekonhpxfak.com,1,26,0,0,5
https://www.xuweflamkh.com,1,26,0,0,5
https://www.cratklmhot.com,0,26,0,0,5
https://www.zydjotgdql.com,0,26,0,0,5
https://www.antntcphvd.com,0,26,0,0,5
https://www.owzkiimbkw.com,1,26,0,0,5
https://www.waixvwjduy.com,1,26,0,0,5
https://www.xszoyjydcm.com,1,26,0,0,5
https://www.crombthjpt.com,0,26,0,0,5
https://www.qkqvepkwau.com,1,26,0,0,5
https://www.tqskfsgbvm.com,1,26,0,0,5
https://www.gkmrunpxrx.com,1,26,0,0,5
https://www.sdpvxcshqx.com,1,26,0,0,5
https://www.tcofjbnkpi.com,1,26,0,0,5
https://www.glhrplbnii.com,1,26,0,0,5
https://www.ymrsyrfoyv.com,1,26,0,0,5
https://www.jozuiwrfee.com,1,26,0,0,5
https://www.ostntujrpv.com,1,26,0,0,5
https://www.niwzvyqekm.com,1,26,0,0,5
https://www.wecoewzpmd.com,0,26,0,0,5
https://www.bcjylvogtw.com,1,26,0,0,5
https://www.dcxqxfedge.com,1,26,0,0,5
https://www.zwalxkexop.com,1,26,0,0,5
https://www.xsxgjnyfhj.com,1,26,0,0,5
https://www.ouzopbtthb.com,1,26,0,0,5
https://www.rsggtszsbu.com,1,26,0,0,5
https://www.xbtjahuafq.com,1,26,0,0,5
https://www.lzxwqplyhi.com,1,26,0,0,5
https://www.grzowqcdqv.com,0,26,0,0,5
https://www.ytfwarnctj.com,0,26,0,0,5
https://www.rdvdgoxfxd.com,0,26,0,0,5
https://www.hppljylhff.com,0,26,0,0,5
https://www.qmkrybkvrz.com,0,26,0,0,5
https://www.dkhvxhxrer.com,1,26,0,0,5
https://www.qgiccjyjav.com,0,26,0,0,5
https://www.klojfgkidn.com,1,26,0,0,5
https://www.mqlvkqvabq.com,1,26,0,0,5
https://www.dbsjlazjis.com,1,26,0,0,5
https://www.heacpqtcdk.com,0,26,0,0,5
https://www.jacrfaayjy.com,1,26,0,0,5
https://www.gvufqxtrba.com,1,26,0,0,5
https://www.nqxecorpzz.com,0,26,0,0,5
https://www.wyvoflcmvi.com,1,26,0,0,5
https://www.uhvoctnale.com,0,26,0,0,5
https://www.yvcdmdlepu.com,1,26,0,0,5
https://www.cwrrhyfhkw.com,1,26,0,0,5
https://www.cunalnujcn.com,0,26,0,0,5
https://www.mnbokuxpws.com,1,26,0,0,5
https://www.ibkeiwbuxl.com,0,26,0,0,5
https://www.qxudskoppw.com,0,26,0,0,5
https://www.rnzhwpzqsv.com,0,26,0,0,5
https://www.cgfulhdmbi.com,0,26,0,0,5
https://www.xkbtokvfip.com,1,26,0,0,5
https://www.qfuvmzzmey.com,1,26,0,0,5
https://www.kyrvmxuwng.com,1,26,0,0,5
https://www.yvhzylcxyy.com,0,26,0,0,5
https://www.udtgqrynfr.com,1,26,0,0,5
https://www.ochoskzvah.com,1,26,0,0,5
https://www.beskzomlqd.com,0,26,0,0,5
https://www.vhwgxjgxns.com,1,26,0,0,5
https://www.gejlvirgee.com,1,26,0,0,5
https://www.cewosmbuuy.com,0,26,0,0,5
https://www.cfhzqbeisq.com,1,26,0,0,5
https://www.ybxtgcdqhr.com,1,26,0,0,5
https://www.eqxichupkj.com,0,26,0,0,5
https://www.aqbyavwafe.com,1,26,0,0,5
https://www.tzacytnjjb.com,0,26,0,0,5
https://www.kcnstnbody.com,0,26,0,0,5
https://www.sbaxmtfziy.com,1,26,0,0,5
https://www.wzvkbeerlv.com,1,26,0,0,5
https://www.kwwdsnxiuz.com,0,26,0,0,5
https://www.fduuxfmwxv.com,0,26,0,0,5
https://www.crxiidvtll.com,1,26,0,0,5
https://www.jqgddvtlgy.com,1,26,0,0,5
https://www.wsacriswww.com,0,26,0,0,5
https://www.whvbzzjcno.com,1,26,0,0,5
https://www.mvaftqxtlc.com,1,26,0,0,5
https://www.whblwdopjs.com,1,26,0,0,5
https://www.phvbnihwgn.com,1,26,0,0,5
https://www.wjupygadba.com,0,26,0,0,5
https://www.ufoxcwasnx.com,1,26,0,0,5
https://www.wkvumysfin.com,1,26,0,0,5
https://www.axynstywau.com,0,26,0,0,5
https://www.ptpqratcgp.com,0,26,0,0,5
https://www.wkvrwbnvzv.com,1,26,0,0,5
https://www.ktttatfvti.com,1,26,0,0,5
https://www.nlxnvyoohw.com,1,26,0,0,5
https://www.isiypnelrn.com,1,26,0,0,5
https://www.mfjhjaxykb.com,0,26,0,0,5
https://www.cmxilzoglt.com,0,26,0,0,5
https://www.khiomnvjow.com,1,26,0,0,5
https://www.nlfnjbhiya.com,1,26,0,0,5
https://www.skcwozqidp.com,0,26,0,0,5
https://www.hmowlgsaxf.com,0,26,0,0,5
https://www.fbfdurqxhe.com,0,26,0,0,5
https://www.swehgxvnxs.com,1,26,0,0,5
https://www.mevaloxyhu.com,0,26,0,0,5
https://www.pimxkgrufw.com,1,26,0,0,5
https://www.dqezkslrgq.com,1,26,0,0,5
https://www.baadvduovy.com,1,26,0,0,5
https://www.pofhsjtiqz.com,1,26,0,0,5
https://www.aiooxgsinm.com,1,26,0,0,5
https://www.nopgobrrjo.com,1,26,0,0,5
https://www.ehhxegofns.com,0,26,0,0,5
https://www.rlpwjuksui.com,1,26,0,0,5
https://www.ojydzhfpag.com,0,26,0,0,5
https://www.dgrtvwttrp.com,0,26,0,0,5
https://www.uzucuzzehg.com,1,26,0,0,5
https://www.nsjfjlpycy.com,0,26,0,0,5
https://www.bexatievog.com,1,26,0,0,5
https://www.dgdymnvzrv.com,1,26,0,0,5
https://www.xoryplinxn.com,1,26,0,0,5
https://www.zkgfzllolc.com,1,26,0,0,5
https://www.nkbnqysrws.com,0,26,0,0,5
https://www.qnnxzmjuuj.com,0,26,0,0,5
https://www.lcmfqreshu.com,1,26,0,0,5
https://www.qdhguicsek.com,1,26,0,0,5
https://www.elgqscwsmw.com,1,26,0,0,5
https://www.ruffrauhtp.com,0,26,0,0,5
https://www.ayrqrfbyml.com,0,26,0,0,5
https://www.xtioewpxja.com,1,26,0,0,5
https://www.qxikhfmjsa.com,0,26,0,0,5
https://www.hrozthbpjb.com,1,26,0,0,5
https://www.iimxjkhdpu.com,0,26,0,0,5
https://www.ipuxzogqaz.com,1,26,0,0,5
https://www.edypvtohqf.com,1,26,0,0,5
https://www.owkluzcovq.com,1,26,0,0,5
https://www.dubxhzbqnx.com,1,26,0,0,5
https://www.jvydpliezp.com,0,26,0,0,5
https://www.pggntsoyeo.com,1,26,0,0,5
https://www.rxmlragodg.com,1,26,0,0,5
https://www.qpmfzebbeg.com,1,26,0,0,5
https://www.grbchioblm.com,1,26,0,0,5
https://www.offcnvwlps.com,0,26,0,0,5
https://www.mepqhvcbwt.com,0,26,0,0,5
https://www.vemyqkdqqq.com,1,26,0,0,5
https://www.zeuuwvpqtn.com,1,26,0,0,5
https://www.hzygxsfygd.com,1,26,0,0,5
https://www.qaeklyfhjr.com,0,26,0,0,5
https://www.obauyvszlo.com,0,26,0,0,5
https://www.zxiseodsod.com,1,26,0,0,5
https://www.uvjwwajpkq.com,0,26,0,0,5
https://www.wgzlgydhql.com,1,26,0,0,5
https://www.xrgqsulcxs.com,0,26,0,0,5
https://www.gqbwufyuvb.com,0,26,0,0,5
https://www.tdoyjtzgee.com,1,26,0,0,5
https://www.eqyvrgentx.com,1,26,0,0,5
https://www.cxruriuugy.com,1,26,0,0,5
https://www.qluwiuzeez.com,1,26,0,0,5
https://www.guifzdudns.com,0,26,0,0,5
https://www.urnendawkp.com,1,26,0,0,5
https://www.btuzrheaug.com,0,26,0,0,5
https://www.kxnufggvir.com,1,26,0,0,5
https://www.bsgfpesjpi.com,0,26,0,0,5
https://www.kwnnbngnub.com,1,26,0,0,5
https://www.axxakklsbh.com,1,26,0,0,5
https://www.itjnkbxomg.com,0,26,0,0,5
https://www.jexljgvtmj.com,0,26,0,0,5
https://www.vcrhmhhptv.com,0,26,0,0,5
https://www.gkuazvakwg.com,1,26,0,0,5
https://www.izvqgojxmw.com,1,26,0,0,5
https://www.dkhdxosrfw.com,0,26,0,0,5
https://www.nrfmuxnsct.com,0,26,0,0,5
https://www.jdpjtpdhuz.com,0,26,0,0,5
https://www.dkhchcjrqt.com,1,26,0,0,5
https://www.ydzjquiqys.com,1,26,0,0,5
https://www.qdohqinpti.com,1,26,0,0,5
https://www.qpbjfyzdog.com,1,26,0,0,5
https://www.binrcwimqw.com,1,26,0,0,5
https://www.kdgmlqufyn.com,0,26,0,0,5
https://www.lkbnzdisvl.com,0,26,0,0,5
https://www.vcefxrlzhz.com,1,26,0,0,5
https://www.tuuvewadkh.com,1,26,0,0,5
https://www.rqzhlsscml.com,1,26,0,0,5
https://www.shyevrxzwg.com,1,26,0,0,5
https://www.fqrkvmsnyg.com,1,26,0,0,5
https://www.riovwnfstp.com,1,26,0,0,5
https://www.vclwjdvaff.com,1,26,0,0,5
https://www.nejhfoybfp.com,0,26,0,0,5
https://www.vrcikjnkkd.com,0,26,0,0,5
https://www.zixifuobgz.com,1,26,0,0,5
https://www.njwuybclsi.com,1,26,0,0,5
https://www.rtcsnqzjab.com,1,26,0,0,5
https://www.tddvyziecg.com,0,26,0,0,5
https://www.rmovzxcydw.com,1,26,0,0,5
https://www.bbtdvbqwze.com,1,26,0,0,5
https://www.pfhqkdqgli.com,0,26,0,0,5
https://www.vvbnhsebvh.com,1,26,0,0,5
https://www.djralixibq.com,1,26,0,0,5
https://www.ftypkqdkrc.com,0,26,0,0,5
https://www.ryeyploekn.com,1,26,0,0,5
https://www.bditwwempb.com,1,26,0,0,5
https://www.koturitfjc.com,0,26,0,0,5
https://www.urzxwmixee.com,1,26,0,0,5
https://www.jpnvjfqdpf.com,1,26,0,0,5
https://www.tabxwfupbc.com,1,26,0,0,5
https://www.fcmmpmyhah.com,0,26,0,0,5
https://www.twktxzykgz.com,1,26,0,0,5
https://www.ylqxhfmwyf.com,0,26,0,0,5
https://www.bhxeseadno.com,0,26,0,0,5
https://www.ixdsegzdtp.com,1,26,0,0,5
https://www.zccovumsmz.com,0,26,0,0,5
https://www.kqrrofwtvz.com,1,26,0,0,5
https://www.vkndnsdsiq.com,1,26,0,0,5
https://www.pdxtslbwxr.com,1,26,0,0,5
https://www.mbeauzobot.com,0,26,0,0,5
https://www.raoquxpggw.com,1,26,0,0,5
https://www.mvadgeifkp.com,1,26,0,0,5
https://www.lyufqbztix.com,1,26,0,0,5
https://www.hkvlflsebl.com,1,26,0,0,5
https://www.ksbvqihnpp.com,0,26,0,0,5
https://www.nezssljayp.com,1,26,0,0,5
https://www.sqaeqtccwi.com,1,26,0,0,5
https://www.tnddistsvg.com,0,26,0,0,5
https://www.kqkcmayibn.com,0,26,0,0,5
https://www.ynqrpztwsc.com,0,26,0,0,5
https://www.olpqaiwgix.com,0,26,0,0,5
https://www.mhhblgrjvo.com,1,26,0,0,5
https://www.gezblbwxxq.com,1,26,0,0,5
https://www.oxhlonbuqw.com,1,26,0,0,5
https://www.rcqpkzpitx.com,0,26,0,0,5
https://www.dfkmeijsyz.com,1,26,0,0,5
https://www.tflbnpwbkm.com,1,26,0,0,5
https://www.rfaxibcyte.com,1,26,0,0,5
https://www.jiustonamc.com,1,26,0,0,5
https://www.eqjlqfnlvy.com,0,26,0,0,5
https://www.twygsnwauj.com,1,26,0,0,5
https://www.cgxbuywosr.com,1,26,0,0,5
https://www.poiferewue.com,1,26,0,0,5
https://www.krzxpdrxju.com,1,26,0,0,5
https://www.aeaewqyjsr.com,1,26,0,0,5
https://www.vajyimqlbj.com,0,26,0,0,5
https://www.bmxxldjxhs.com,1,26,0,0,5
https://www.vrqqtqdmib.com,1,26,0,0,5
https://www.mtzengocxr.com,1,26,0,0,5
https://www.mstlauhroa.com,1,26,0,0,5
https://www.bdtmwzypkz.com,0,26,0,0,5
https://www.xjysckejei.com,1,26,0,0,5
https://www.howmtujkfw.com,0,26,0,0,5
https://www.dadlsycdoy.com,0,26,0,0,5
https://www.hqdgzhqwom.com,1,26,0,0,5
https://www.dzjzommvqm.com,1,26,0,0,5
https://www.gsqjhncjsa.com,0,26,0,0,5
https://www.jihuamxgko.com,1,26,0,0,5
https://www.oiqifliehj.com,1,26,0,0,5
https://www.dhcizguucq.com,1,26,0,0,5
https://www.ljbcmzcvau.com,1,26,0,0,5
https://www.bkhnbpklfo.com,0,26,0,0,5
https://www.dgxvdyprxx.com,1,26,0,0,5
https://www.cvnmiqzhtz.com,0,26,0,0,5
https://www.oocynvlast.com,0,26,0,0,5
https://www.zhnialpqim.com,1,26,0,0,5
https://www.pbtefolvsl.com,1,26,0,0,5
https://www.izprakzdpr.com,1,26,0,0,5
https://www.pknpieqnwr.com,1,26,0,0,5
https://www.nnalqoykvz.com,0,26,0,0,5
https://www.piumutjigb.com,0,26,0,0,5
https://www.fkczktekla.com,0,26,0,0,5
https://www.yqcpxwftda.com,1,26,0,0,5
https://www.cwyqpqozxe.com,1,26,0,0,5
https://www.dsthdoggge.com,0,26,0,0,5
https://www.jzrixvzucq.com,1,26,0,0,5
https://www.kexcdkhhlg.com,1,26,0,0,5
https://www.rcrxitapmd.com,1,26,0,0,5
https://www.ljwiastjnn.com,1,26,0,0,5
https://www.szmzocvkuq.com,0,26,0,0,5
https://www.nquvjnqwnv.com,1,26,0,0,5
https://www.jrjsjjceqe.com,1,26,0,0,5
https://www.ldfyospouk.com,0,26,0,0,5
https://www.fuzbavumvr.com,1,26,0,0,5
https://www.pblmsztzvc.com,1,26,0,0,5
https://www.hgvppatmpk.com,1,26,0,0,5
https://www.mcqzhpalvv.com,1,26,0,0,5
https://www.dyjcryvshi.com,1,26,0,0,5
https://www.ddjhdhbqeo.com,1,26,0,0,5
https://www.peaiawlzwa.com,0,26,0,0,5
https://www.zjaxsyatga.com,1,26,0,0,5
https://www.zcehetsuft.com,1,26,0,0,5
https://www.pgzfgohaga.com,0,26,0,0,5
https://www.fvxnndazpf.com,0,26,0,0,5
https://www.lhxkkxnrql.com,1,26,0,0,5
https://www.rneedrjlfn.com,1,26,0,0,5
https://www.ihhgppxgqg.com,1,26,0,0,5
https://www.udrbpjfvec.com,1,26,0,0,5
https://www.fplqvcnomv.com,1,26,0,0,5
https://www.wdlwaftoue.com,1,26,0,0,5
https://www.hpecmumgtl.com,1,26,0,0,5
https://www.ofwmrjpbnd.com,0,26,0,0,5
https://www.nottmzxlxe.com,0,26,0,0,5
https://www.txiakmtdoo.com,1,26,0,0,5
https://www.lwnjocglqp.com,0,26,0,0,5
https://www.pzvkqbwugm.com,0,26,0,0,5
https://www.oiscjhpkyx.com,1,26,0,0,5
https://www.udneakyiue.com,1,26,0,0,5
https://www.gvzscmznhl.com,1,26,0,0,5
https://www.zxuieursga.com,1,26,0,0,5
https://www.icosatljek.com,0,26,0,0,5
https://www.xiimtjvohh.com,0,26,0,0,5
https://www.wwolcghrvp.com,1,26,0,0,5
https://www.gcpidrvyqc.com,1,26,0,0,5
https://www.rhnqioqfzz.com,0,26,0,0,5
https://www.xlkahomwii.com,1,26,0,0,5
https://www.xecdioutpq.com,0,26,0,0,5
https://www.bmeruxjlad.com,1,26,0,0,5
https://www.xkvpwwdeid.com,0,26,0,0,5
https://www.kicaswxdpx.com,1,26,0,0,5
https://www.paormraiik.com,0,26,0,0,5
https://www.pjctxlaomx.com,1,26,0,0,5
https://www.vpdmtlqslm.com,0,26,0,0,5
https://www.znhnnzdael.com,1,26,0,0,5
https://www.xeyklzxyze.com,1,26,0,0,5
https://www.zhpmfhmlbp.com,1,26,0,0,5
https://www.wskjdmsobg.com,1,26,0,0,5
https://www.bhjszxsptu.com,0,26,0,0,5
https://www.mlkkworxek.com,1,26,0,0,5
https://www.vzfqqixhnd.com,1,26,0,0,5
https://www.yrocvbfhgr.com,1,26,0,0,5
https://www.fdfmqhtqsf.com,1,26,0,0,5
https://www.ifpxnbdjss.com,0,26,0,0,5
https://www.emidpeeqdj.com,1,26,0,0,5
https://www.glfcqdpgep.com,1,26,0,0,5
https://www.tlrxvjbfnk.com,1,26,0,0,5
https://www.tohczlgxxg.com,1,26,0,0,5
https://www.wepazxazgm.com,1,26,0,0,5
https://www.hzjppcmlax.com,0,26,0,0,5
https://www.qfvoccfmgj.com,1,26,0,0,5
https://www.pfhjguzqwu.com,0,26,0,0,5
https://www.gfgtanwcnh.com,1,26,0,0,5
https://www.stggwfjdna.com,0,26,0,0,5
https://www.ohkzoclrrq.com,1,26,0,0,5
https://www.rggwtnifum.com,1,26,0,0,5
https://www.hfzpewkebx.com,0,26,0,0,5
https://www.eccmeazigj.com,1,26,0,0,5
https://www.mlfxnnncye.com,1,26,0,0,5
https://www.ppfthopycg.com,0,26,0,0,5
https://www.hkrbtzsosl.com,0,26,0,0,5
https://www.gtbfwaeunl.com,1,26,0,0,5
https://www.eniqrrivyn.com,0,26,0,0,5
https://www.auqjcjyhkg.com,0,26,0,0,5
https://www.mqymdxukmu.com,1,26,0,0,5
https://www.iojkabxgdy.com,1,26,0,0,5
https://www.gfvyktkehq.com,1,26,0,0,5
https://www.tyghmcgtmv.com,1,26,0,0,5
https://www.zbawqsmine.com,1,26,0,0,5
https://www.flheridbem.com,1,26,0,0,5
https://www.ciarldvenk.com,1,26,0,0,5
https://www.yvlamzriaq.com,1,26,0,0,5
https://www.ydkwfnoelj.com,0,26,0,0,5
https://www.joraqwyiun.com,0,26,0,0,5
https://www.ctsixsfcwa.com,0,26,0,0,5
https://www.pvudkzbdkt.com,1,26,0,0,5
https://www.ctmmcpsbld.com,1,26,0,0,5
https://www.gyxaezgkfp.com,0,26,0,0,5
https://www.lfqqaaphgc.com,0,26,0,0,5
https://www.cjxuwdisqg.com,1,26,0,0,5
https://www.aqsxwupbai.com,0,26,0,0,5
https://www.hgbydksvsq.com,1,26,0,0,5
https://www.kzzcfghqea.com,0,26,0,0,5
https://www.fnmukxvcuu.com,1,26,0,0,5
https://www.jqmypusarj.com,0,26,0,0,5
https://www.owgooryjvo.com,1,26,0,0,5
https://www.xavnnccxsg.com,1,26,0,0,5
https://www.pdqqugnlqe.com,1,26,0,0,5
https://www.dobvuusbyp.com,1,26,0,0,5
https://www.bnrnrsxbfy.com,1,26,0,0,5
https://www.xrhnbzmlxb.com,0,26,0,0,5
https://www.vwpeyfdbsk.com,1,26,0,0,5
https://www.lhqcuyfbvo.com,1,26,0,0,5
https://www.msnfklgdqq.com,0,26,0,0,5
https://www.orjoecherq.com,0,26,0,0,5
https://www.apgicextcn.com,1,26,0,0,5
https://www.vfjyrbbkln.com,0,26,0,0,5
https://www.hvoiwdopwx.com,0,26,0,0,5
https://www.pohkrcujrr.com,0,26,0,0,5
https://www.qfprvauqfp.com,1,26,0,0,5
https://www.fzsowqygyi.com,0,26,0,0,5
https://www.lzgvlifenz.com,1,26,0,0,5
https://www.wpynbbxbov.com,0,26,0,0,5
https://www.vmpspcxmak.com,1,26,0,0,5
https://www.ejufmcuodq.com,1,26,0,0,5
https://www.dkaagcengy.com,1,26,0,0,5
https://www.wtqahlwxsb.com,1,26,0,0,5
https://www.gscxgpfgdw.com,1,26,0,0,5
https://www.keebptvskk.com,1,26,0,0,5
https://www.siqculylvq.com,1,26,0,0,5
https://www.ngnneklxnz.com,1,26,0,0,5
https://www.sutzzwgbfg.com,1,26,0,0,5
https://www.sjaiduedlj.com,1,26,0,0,5
https://www.hupskutbwf.com,1,26,0,0,5
https://www.eoxvxktxjo.com,0,26,0,0,5
https://www.uydzdalvqd.com,1,26,0,0,5
https://www.szkxuyzwxe.com,1,26,0,0,5
https://www.ghnnzxhjbq.com,1,26,0,0,5
https://www.nzuwbpclew.com,0,26,0,0,5
https://www.padqetzvvp.com,1,26,0,0,5
https://www.gtsqnttclg.com,1,26,0,0,5
https://www.lksofpaoid.com,1,26,0,0,5
https://www.bocqrhenmi.com,1,26,0,0,5
https://www.ipsbbhxycq.com,0,26,0,0,5
https://www.qotawwgaal.com,1,26,0,0,5
https://www.pffbdjicte.com,0,26,0,0,5
https://www.wancfpdnjk.com,1,26,0,0,5
https://www.sgyxqlxybi.com,1,26,0,0,5
https://www.nufmjngdfb.com,1,26,0,0,5
https://www.jhxbwbgnof.com,1,26,0,0,5
https://www.jxfpuzyqfz.com,1,26,0,0,5
https://www.mszcdpxpya.com,1,26,0,0,5
https://www.nyfptiflrw.com,0,26,0,0,5
https://www.gygdmrdrcy.com,1,26,0,0,5
https://www.lejojitfge.com,0,26,0,0,5
https://www.hmafovrmhe.com,1,26,0,0,5
https://www.puegfjswhd.com,0,26,0,0,5
https://www.yedryjppme.com,0,26,0,0,5
https://www.uelrmcyshk.com,0,26,0,0,5
https://www.oailzljusy.com,1,26,0,0,5
https://www.txgfzgqwkk.com,0,26,0,0,5
https://www.uzdjwnhodr.com,1,26,0,0,5
https://www.znfgtbhdth.com,0,26,0,0,5
https://www.hzjyxfrmwu.com,1,26,0,0,5
https://www.knjchwsyst.com,0,26,0,0,5
https://www.tyuhnzkjmx.com,0,26,0,0,5
https://www.tbilpakxza.com,1,26,0,0,5
https://www.joqbrbtolg.com,1,26,0,0,5
https://www.eswyzlwyzl.com,0,26,0,0,5
https://www.trfaknpltb.com,1,26,0,0,5
https://www.weoyahrvsr.com,1,26,0,0,5
https://www.dfwhlonpwm.com,1,26,0,0,5
https://www.kmzklhdnqu.com,1,26,0,0,5
https://www.bxajexdflx.com,1,26,0,0,5
https://www.dmokftintq.com,0,26,0,0,5
https://www.qkxrhflwox.com,0,26,0,0,5
https://www.kxuiplekys.com,1,26,0,0,5
https://www.lvgwkkgerl.com,1,26,0,0,5
https://www.npjgsgmbxn.com,0,26,0,0,5
https://www.yzpxmobgav.com,1,26,0,0,5
https://www.gjbvclofph.com,1,26,0,0,5
https://www.iivreqkgpx.com,1,26,0,0,5
https://www.cpqryfwhup.com,0,26,0,0,5
https://www.vvgszpdsfp.com,1,26,0,0,5
https://www.urrucwyxvj.com,1,26,0,0,5
https://www.pmavizuchp.com,1,26,0,0,5
https://www.micoqnqshd.com,0,26,0,0,5
https://www.kstuaseyaz.com,1,26,0,0,5
https://www.jjflwuwkjp.com,1,26,0,0,5
https://www.wyvkcmzoey.com,1,26,0,0,5
https://www.atcnfrgbcb.com,1,26,0,0,5
https://www.rfuctvwaps.com,1,26,0,0,5
https://www.ekafqoncyg.com,1,26,0,0,5
https://www.akfjgaobqz.com,1,26,0,0,5
https://www.evzywxzbfi.com,0,26,0,0,5
https://www.vzqockzqba.com,0,26,0,0,5
https://www.msawoulcgh.com,1,26,0,0,5
https://www.dpqthxgfrs.com,1,26,0,0,5
https://www.xzbribstnr.com,1,26,0,0,5
https://www.fuqqcugiav.com,0,26,0,0,5
https://www.qextalcafa.com,0,26,0,0,5
https://www.jkshsgdvod.com,1,26,0,0,5
https://www.drybtcrvpd.com,1,26,0,0,5
https://www.ttcsbdvpsl.com,1,26,0,0,5
https://www.ogriftawps.com,0,26,0,0,5
https://www.oexmpxeimc.com,1,26,0,0,5
https://www.bnvgdiskik.com,0,26,0,0,5
https://www.ftnjqusocr.com,0,26,0,0,5
https://www.ntmjajyfuv.com,1,26,0,0,5
https://www.icffycjvos.com,0,26,0,0,5
https://www.amnnjzkttu.com,1,26,0,0,5
https://www.nhrxceuskv.com,1,26,0,0,5
https://www.mxduqmkgga.com,1,26,0,0,5
https://www.seflojqocg.com,1,26,0,0,5
https://www.szcmbcxydj.com,1,26,0,0,5
https://www.jllnunuedk.com,1,26,0,0,5
https://www.afobzbbmlv.com,1,26,0,0,5
https://www.maidsgobvv.com,1,26,0,0,5
https://www.smkxkihbpb.com,0,26,0,0,5
https://www.tohvfthkyx.com,0,26,0,0,5
https://www.epwjvdoazx.com,0,26,0,0,5
https://www.yrmlqoijar.com,1,26,0,0,5
https://www.dprwuhinlc.com,1,26,0,0,5
https://www.sbgedpboyl.com,0,26,0,0,5
https://www.rzrhjpvxdy.com,1,26,0,0,5
https://www.mttggmetji.com,0,26,0,0,5
https://www.tfvfloijor.com,1,26,0,0,5
https://www.yomgjuwdza.com,1,26,0,0,5
https://www.qezwqfhedi.com,1,26,0,0,5
https://www.tjesmkmxgn.com,1,26,0,0,5
https://www.ikndkzyfwl.com,1,26,0,0,5
https://www.lyotatdgix.com,0,26,0,0,5
https://www.lxbkmuxoyo.com,0,26,0,0,5
https://www.kfivmckwcw.com,1,26,0,0,5
https://www.uwihimwwtt.com,0,26,0,0,5
https://www.gmzglywovd.com,1,26,0,0,5
https://www.thkvyfdzin.com,1,26,0,0,5
https://www.peladwoqzo.com,0,26,0,0,5
https://www.kvjjafqsto.com,1,26,0,0,5
https://www.sbsprneunm.com,1,26,0,0,5
https://www.dohihhjlvf.com,0,26,0,0,5
https://www.vxfwxhomxl.com,1,26,0,0,5
https://www.mtzdgegttz.com,0,26,0,0,5
https://www.hpamtxqpwt.com,0,26,0,0,5
https://www.uliqivcmoi.com,1,26,0,0,5
https://www.nzobogyqsc.com,1,26,0,0,5
https://www.ubzmjezslx.com,0,26,0,0,5
https://www.kxnlunklqu.com,0,26,0,0,5
https://www.egkumsjyye.com,0,26,0,0,5
https://www.mnwujvxrha.com,1,26,0,0,5
https://www.xrufywiljf.com,0,26,0,0,5
https://www.siiwrwmzhv.com,1,26,0,0,5
https://www.horjyguqtd.com,1,26,0,0,5
https://www.njcqgrndlj.com,1,26,0,0,5
https://www.eznyylwzgb.com,0,26,0,0,5
https://www.cozzpfhprv.com,0,26,0,0,5
https://www.pqxnktpzud.com,1,26,0,0,5
https://www.xpignmsimc.com,1,26,0,0,5
https://www.knmktqnqfj.com,1,26,0,0,5
https://www.rhczcjstjj.com,0,26,0,0,5
https://www.hmnebvzaqk.com,1,26,0,0,5
https://www.rtwyjioiam.com,0,26,0,0,5
https://www.bfwqcbjikf.com,1,26,0,0,5
https://www.kibasbydbq.com,0,26,0,0,5
https://www.gxiviqacqx.com,0,26,0,0,5
https://www.gaafagtumd.com,0,26,0,0,5
https://www.qzcaatuhnu.com,0,26,0,0,5
https://www.ogegqxnits.com,1,26,0,0,5
https://www.uivfrmthjh.com,1,26,0,0,5
https://www.yyhizpofrp.com,1,26,0,0,5
https://www.dsxloxdwid.com,0,26,0,0,5
https://www.tfwqcxifoj.com,0,26,0,0,5
https://www.nevehdngje.com,0,26,0,0,5
https://www.luotdpkxhd.com,1,26,0,0,5
https://www.xxsxhemnud.com,1,26,0,0,5
https://www.odwstrnfve.com,1,26,0,0,5
https://www.rzozgxhudb.com,0,26,0,0,5
https://www.lrglhxxper.com,0,26,0,0,5
https://www.qznonkosqo.com,0,26,0,0,5
https://www.sorcqdkcnz.com,0,26,0,0,5
https://www.axhfbfnmaj.com,1,26,0,0,5
https://www.naytddumwj.com,0,26,0,0,5
https://www.snivuvmpep.com,1,26,0,0,5
https://www.ouzypgvbhn.com,1,26,0,0,5
https://www.jiynhburhj.com,1,26,0,0,5
https://www.bjzhsxgxoq.com,1,26,0,0,5
https://www.loairewxnh.com,1,26,0,0,5
https://www.fvygaypkdq.com,1,26,0,0,5
https://www.jpywmpsnms.com,1,26,0,0,5
https://www.gpajgahazb.com,0,26,0,0,5
https://www.fntivtqizj.com,1,26,0,0,5
https://www.ugoarboiuz.com,1,26,0,0,5
https://www.rerrazrccz.com,0,26,0,0,5
https://www.uxxcxpjesb.com,1,26,0,0,5
https://www.wvjmpnktys.com,1,26,0,0,5
https://www.xkwwgbipdf.com,1,26,0,0,5
https://www.tpjqcydbyg.com,1,26,0,0,5
https://www.ldpxcjnvep.com,0,26,0,0,5
https://www.mlveqfttjw.com,1,26,0,0,5
https://www.clmystnyty.com,0,26,0,0,5
https://www.kudptbegnu.com,1,26,0,0,5
https://www.mrzgeuemhm.com,0,26,0,0,5
https://www.iqgaehkccf.com,1,26,0,0,5
https://www.coyhmmkvsg.com,1,26,0,0,5
https://www.vfedftzjul.com,1,26,0,0,5
https://www.bvvjskiuvd.com,0,26,0,0,5
https://www.hegctybxne.com,0,26,0,0,5
https://www.otswjtkfgz.com,1,26,0,0,5
https://www.syljjwrqqp.com,1,26,0,0,5
https://www.gtfptbgpcs.com,0,26,0,0,5
https://www.hdvmczzcqc.com,0,26,0,0,5
https://www.cfhmgstezi.com,1,26,0,0,5
https://www.cqrxuunnlp.com,1,26,0,0,5
https://www.ihcwwvisqc.com,1,26,0,0,5
https://www.wjshqidfvn.com,0,26,0,0,5
https://www.oyijbdqvgk.com,1,26,0,0,5
https://www.uyyfwzekbn.com,1,26,0,0,5
https://www.kqvovacaho.com,0,26,0,0,5
https://www.mtpsphyylw.com,0,26,0,0,5
https://www.ffyfesvbny.com,0,26,0,0,5
https://www.loosjrdsnd.com,0,26,0,0,5
https://www.prflzflico.com,1,26,0,0,5
https://www.kvytvvweqq.com,1,26,0,0,5
https://www.gbdxnazuqm.com,1,26,0,0,5
https://www.fshbnfrkyu.com,1,26,0,0,5
https://www.grayrvfxek.com,0,26,0,0,5
https://www.wbfjnmvaen.com,0,26,0,0,5
https://www.nlabrbqzyt.com,0,26,0,0,5
https://www.byahcmoxck.com,0,26,0,0,5
https://www.rxygrhdvda.com,1,26,0,0,5
https://www.mqnctwppuu.com,1,26,0,0,5
https://www.tsjpvvjzhl.com,1,26,0,0,5
https://www.mflchxljec.com,1,26,0,0,5
https://www.usngavvjrh.com,1,26,0,0,5
https://www.pdtjiabksc.com,1,26,0,0,5
https://www.cwnjqslijc.com,1,26,0,0,5
https://www.mgipyzvwac.com,1,26,0,0,5
https://www.fujwwctspj.com,0,26,0,0,5
https://www.rjpidcfcir.com,0,26,0,0,5
https://www.gbuokolmej.com,0,26,0,0,5
https://www.pgksjspmfb.com,1,26,0,0,5
https://www.bpeheeeyjk.com,1,26,0,0,5
https://www.dmvoyxonwa.com,1,26,0,0,5
https://www.dryiicsige.com,0,26,0,0,5
https://www.samjvvstcf.com,0,26,0,0,5
https://www.rmhuhzbpxk.com,1,26,0,0,5
https://www.scykpwshzb.com,0,26,0,0,5
https://www.hhcqihhibq.com,1,26,0,0,5
https://www.ycmyxtmsof.com,0,26,0,0,5
https://www.endohbmfzp.com,1,26,0,0,5
https://www.wtsfpjqsnm.com,0,26,0,0,5
https://www.sxqyorrrdf.com,1,26,0,0,5
https://www.vqnmwgdsdm.com,1,26,0,0,5
https://www.yumkimcszm.com,1,26,0,0,5
https://www.oyzxlwwoch.com,0,26,0,0,5
https://www.mezugtcybc.com,1,26,0,0,5
https://www.roywsyxhch.com,0,26,0,0,5
https://www.guoqbbjnxo.com,1,26,0,0,5
https://www.drveydittd.com,0,26,0,0,5
https://www.phufvajvdw.com,1,26,0,0,5
https://www.dfpjfbania.com,1,26,0,0,5
https://www.evafoqizie.com,1,26,0,0,5
https://www.zputsolidh.com,0,26,0,0,5
https://www.gatxtzobvp.com,0,26,0,0,5
https://www.wqmcfbprrb.com,1,26,0,0,5
https://www.uvvluhclnp.com,0,26,0,0,5
https://www.letbjmojed.com,1,26,0,0,5
https://www.yhsiolcphz.com,1,26,0,0,5
https://www.pdiacvncxf.com,1,26,0,0,5
https://www.ezlhhtybyj.com,1,26,0,0,5
https://www.ymjnqcqyks.com,0,26,0,0,5
https://www.wimnxgvayi.com,1,26,0,0,5
https://www.wintfkajgq.com,1,26,0,0,5
https://www.qwuampwjsb.com,0,26,0,0,5
https://www.qtlheyrrba.com,0,26,0,0,5
https://www.yiguxgqqfh.com,1,26,0,0,5
https://www.skcgendvdo.com,1,26,0,0,5
https://www.srzssookjg.com,1,26,0,0,5
https://www.ldlyznarme.com,1,26,0,0,5
https://www.lheupvyhvf.com,1,26,0,0,5
https://www.ujdtnxkjjh.com,1,26,0,0,5
https://www.njcyrywnxz.com,1,26,0,0,5
https://www.liohibnkfb.com,1,26,0,0,5
https://www.okevsjjktc.com,1,26,0,0,5
https://www.lnpphoumdq.com,0,26,0,0,5
https://www.tujddewxti.com,0,26,0,0,5
